0,0,0.0
0,1,0.0
0,2,1.0
0,3,0.0
0,4,0.0
0,5,0.0
0,6,1.0
0,7,0.0
0,8,0.0
0,9,0.0
0,10,1.0
0,11,1.0
0,12,1.0
0,13,0.0
0,14,0.0
0,15,0.0
0,16,0.0
0,17,1.0
0,18,1.0
0,19,1.0
0,20,1.0
0,21,1.0
0,22,0.0
0,23,0.0
0,24,1.0
0,25,1.0
0,26,1.0
0,27,1.0
0,28,1.0
0,29,1.0
0,30,1.0
0,31,1.0
0,32,1.0
0,33,1.0
0,34,1.0
0,35,1.0
0,36,1.0
0,37,1.0
0,38,1.0
0,39,1.0
0,40,1.0
0,41,1.0
0,42,1.0
0,43,1.0
0,44,1.0
0,45,1.0
0,46,1.0
0,47,1.0
0,48,1.0
0,49,1.0
0,50,1.0
0,51,0.0
0,52,1.0
0,53,1.0
0,54,1.0
0,55,0.0
0,56,1.0
0,57,1.0
0,58,1.0
0,59,1.0
0,60,0.0
0,61,1.0
0,62,1.0
0,63,1.0
0,64,1.0
0,65,1.0
0,66,0.0
0,67,1.0
0,68,1.0
0,69,1.0
0,70,1.0
0,71,0.0
0,72,1.0
0,73,1.0
0,74,1.0
0,75,1.0
0,76,1.0
0,77,1.0
0,78,1.0
0,79,1.0
0,80,1.0
0,81,0.0
0,82,1.0
1,0,1.0
1,1,0.0
1,2,1.0
1,3,0.0
1,4,0.0
1,5,0.0
1,6,0.0
1,7,0.0
1,8,0.0
1,9,0.0
1,10,1.0
1,11,1.0
1,12,0.0
1,13,0.0
1,14,0.0
1,15,0.0
1,16,0.0
1,17,0.0
1,18,1.0
1,19,1.0
1,20,1.0
1,21,1.0
1,22,1.0
1,23,0.0
1,24,1.0
1,25,1.0
1,26,0.0
1,27,1.0
1,28,1.0
1,29,1.0
1,30,1.0
1,31,1.0
1,32,1.0
1,33,1.0
1,34,1.0
1,35,1.0
1,36,1.0
1,37,1.0
1,38,1.0
1,39,1.0
1,40,1.0
1,41,1.0
1,42,1.0
1,43,1.0
1,44,1.0
1,45,0.0
1,46,1.0
1,47,1.0
1,48,1.0
1,49,1.0
1,50,0.0
1,51,1.0
1,52,1.0
1,53,1.0
1,54,0.0
1,55,0.0
1,56,1.0
1,57,1.0
1,58,1.0
1,59,1.0
1,60,1.0
1,61,1.0
1,62,1.0
1,63,1.0
1,64,1.0
1,65,1.0
1,66,0.0
1,67,1.0
1,68,1.0
1,69,1.0
1,70,1.0
1,71,0.0
1,72,1.0
1,73,0.0
1,74,1.0
1,75,1.0
1,76,1.0
1,77,1.0
1,78,1.0
1,79,1.0
1,80,0.0
1,81,0.0
1,82,1.0
2,0,0.0
2,1,0.0
2,2,1.0
2,3,0.0
2,4,0.0
2,5,1.0
2,6,0.0
2,7,0.0
2,8,0.0
2,9,1.0
2,10,1.0
2,11,0.0
2,12,0.0
2,13,0.0
2,14,0.0
2,15,0.0
2,16,0.0
2,17,1.0
2,18,0.0
2,19,0.0
2,20,0.0
2,21,1.0
2,22,0.0
2,23,0.0
2,24,0.0
2,25,1.0
2,26,1.0
2,27,1.0
2,28,1.0
2,29,1.0
2,30,1.0
2,31,1.0
2,32,1.0
2,33,1.0
2,34,1.0
2,35,1.0
2,36,1.0
2,37,1.0
2,38,1.0
2,39,1.0
2,40,1.0
2,41,1.0
2,42,1.0
2,43,1.0
2,44,1.0
2,45,0.0
2,46,1.0
2,47,1.0
2,48,0.0
2,49,1.0
2,50,1.0
2,51,0.0
2,52,1.0
2,53,1.0
2,54,0.0
2,55,0.0
2,56,1.0
2,57,1.0
2,58,0.0
2,59,1.0
2,60,1.0
2,61,1.0
2,62,0.0
2,63,1.0
2,64,1.0
2,65,1.0
2,66,0.0
2,67,1.0
2,68,0.0
2,69,1.0
2,70,1.0
2,71,1.0
2,72,1.0
2,73,1.0
2,74,0.0
2,75,0.0
2,76,1.0
2,77,0.0
2,78,1.0
2,79,1.0
2,80,1.0
2,81,0.0
2,82,1.0
3,0,0.0
3,1,0.0
3,2,1.0
3,3,0.0
3,4,0.0
3,5,0.0
3,6,0.0
3,7,0.0
3,8,0.0
3,9,0.0
3,10,1.0
3,11,1.0
3,12,0.0
3,13,0.0
3,14,0.0
3,15,1.0
3,16,1.0
3,17,1.0
3,18,1.0
3,19,1.0
3,20,1.0
3,21,0.0
3,22,1.0
3,23,0.0
3,24,0.0
3,25,0.0
3,26,1.0
3,27,1.0
3,28,1.0
3,29,1.0
3,30,1.0
3,31,1.0
3,32,1.0
3,33,1.0
3,34,1.0
3,35,1.0
3,36,1.0
3,37,1.0
3,38,1.0
3,39,1.0
3,40,1.0
3,41,1.0
3,42,1.0
3,43,1.0
3,44,1.0
3,45,1.0
3,46,1.0
3,47,1.0
3,48,1.0
3,49,1.0
3,50,1.0
3,51,0.0
3,52,1.0
3,53,1.0
3,54,0.0
3,55,0.0
3,56,1.0
3,57,1.0
3,58,1.0
3,59,1.0
3,60,0.0
3,61,1.0
3,62,1.0
3,63,1.0
3,64,1.0
3,65,1.0
3,66,0.0
3,67,1.0
3,68,1.0
3,69,1.0
3,70,0.0
3,71,0.0
3,72,1.0
3,73,1.0
3,74,1.0
3,75,1.0
3,76,1.0
3,77,1.0
3,78,0.0
3,79,1.0
3,80,0.0
3,81,1.0
3,82,1.0
4,0,0.0
4,1,0.0
4,2,0.0
4,3,0.0
4,4,1.0
4,5,0.0
4,6,0.0
4,7,0.0
4,8,0.0
4,9,0.0
4,10,1.0
4,11,1.0
4,12,1.0
4,13,0.0
4,14,0.0
4,15,0.0
4,16,0.0
4,17,0.0
4,18,1.0
4,19,1.0
4,20,0.0
4,21,0.0
4,22,0.0
4,23,1.0
4,24,0.0
4,25,1.0
4,26,0.0
4,27,1.0
4,28,1.0
4,29,1.0
4,30,1.0
4,31,1.0
4,32,1.0
4,33,1.0
4,34,1.0
4,35,1.0
4,36,1.0
4,37,1.0
4,38,1.0
4,39,1.0
4,40,1.0
4,41,1.0
4,42,1.0
4,43,1.0
4,44,1.0
4,45,0.0
4,46,1.0
4,47,0.0
4,48,0.0
4,49,1.0
4,50,0.0
4,51,1.0
4,52,1.0
4,53,1.0
4,54,0.0
4,55,0.0
4,56,0.0
4,57,0.0
4,58,0.0
4,59,1.0
4,60,0.0
4,61,1.0
4,62,0.0
4,63,0.0
4,64,0.0
4,65,1.0
4,66,0.0
4,67,1.0
4,68,0.0
4,69,0.0
4,70,0.0
4,71,0.0
4,72,0.0
4,73,1.0
4,74,0.0
4,75,0.0
4,76,1.0
4,77,0.0
4,78,0.0
4,79,0.0
4,80,1.0
4,81,0.0
4,82,1.0
5,0,0.0
5,1,1.0
5,2,0.0
5,3,0.0
5,4,0.0
5,5,0.0
5,6,0.0
5,7,0.0
5,8,0.0
5,9,0.0
5,10,1.0
5,11,1.0
5,12,0.0
5,13,1.0
5,14,0.0
5,15,0.0
5,16,0.0
5,17,1.0
5,18,1.0
5,19,1.0
5,20,1.0
5,21,0.0
5,22,0.0
5,23,0.0
5,24,0.0
5,25,1.0
5,26,1.0
5,27,1.0
5,28,1.0
5,29,1.0
5,30,1.0
5,31,1.0
5,32,1.0
5,33,1.0
5,34,1.0
5,35,1.0
5,36,1.0
5,37,1.0
5,38,1.0
5,39,1.0
5,40,1.0
5,41,1.0
5,42,1.0
5,43,1.0
5,44,1.0
5,45,1.0
5,46,1.0
5,47,1.0
5,48,1.0
5,49,1.0
5,50,0.0
5,51,1.0
5,52,1.0
5,53,1.0
5,54,1.0
5,55,0.0
5,56,1.0
5,57,1.0
5,58,1.0
5,59,1.0
5,60,1.0
5,61,1.0
5,62,1.0
5,63,1.0
5,64,1.0
5,65,1.0
5,66,0.0
5,67,1.0
5,68,1.0
5,69,1.0
5,70,1.0
5,71,1.0
5,72,1.0
5,73,1.0
5,74,1.0
5,75,1.0
5,76,1.0
5,77,1.0
5,78,1.0
5,79,1.0
5,80,0.0
5,81,0.0
5,82,1.0
6,0,0.0
6,1,0.0
6,2,1.0
6,3,0.0
6,4,1.0
6,5,0.0
6,6,0.0
6,7,0.0
6,8,0.0
6,9,1.0
6,10,0.0
6,11,1.0
6,12,0.0
6,13,1.0
6,14,0.0
6,15,0.0
6,16,0.0
6,17,0.0
6,18,1.0
6,19,1.0
6,20,0.0
6,21,1.0
6,22,1.0
6,23,0.0
6,24,0.0
6,25,1.0
6,26,1.0
6,27,1.0
6,28,1.0
6,29,1.0
6,30,1.0
6,31,1.0
6,32,1.0
6,33,1.0
6,34,1.0
6,35,1.0
6,36,1.0
6,37,1.0
6,38,1.0
6,39,1.0
6,40,1.0
6,41,1.0
6,42,1.0
6,43,1.0
6,44,1.0
6,45,0.0
6,46,1.0
6,47,1.0
6,48,1.0
6,49,1.0
6,50,1.0
6,51,1.0
6,52,1.0
6,53,1.0
6,54,0.0
6,55,0.0
6,56,1.0
6,57,0.0
6,58,0.0
6,59,1.0
6,60,0.0
6,61,1.0
6,62,0.0
6,63,1.0
6,64,1.0
6,65,1.0
6,66,0.0
6,67,1.0
6,68,1.0
6,69,1.0
6,70,0.0
6,71,1.0
6,72,0.0
6,73,1.0
6,74,1.0
6,75,1.0
6,76,1.0
6,77,1.0
6,78,0.0
6,79,1.0
6,80,0.0
6,81,1.0
6,82,1.0
7,0,1.0
7,1,1.0
7,2,1.0
7,3,0.0
7,4,0.0
7,5,0.0
7,6,0.0
7,7,0.0
7,8,0.0
7,9,1.0
7,10,1.0
7,11,1.0
7,12,0.0
7,13,0.0
7,14,0.0
7,15,0.0
7,16,1.0
7,17,0.0
7,18,1.0
7,19,1.0
7,20,1.0
7,21,1.0
7,22,0.0
7,23,1.0
7,24,0.0
7,25,1.0
7,26,1.0
7,27,1.0
7,28,1.0
7,29,1.0
7,30,1.0
7,31,1.0
7,32,1.0
7,33,1.0
7,34,1.0
7,35,1.0
7,36,1.0
7,37,1.0
7,38,1.0
7,39,1.0
7,40,1.0
7,41,1.0
7,42,1.0
7,43,1.0
7,44,1.0
7,45,1.0
7,46,1.0
7,47,1.0
7,48,1.0
7,49,1.0
7,50,1.0
7,51,0.0
7,52,1.0
7,53,1.0
7,54,1.0
7,55,0.0
7,56,1.0
7,57,1.0
7,58,1.0
7,59,1.0
7,60,1.0
7,61,1.0
7,62,1.0
7,63,1.0
7,64,1.0
7,65,1.0
7,66,0.0
7,67,1.0
7,68,1.0
7,69,1.0
7,70,1.0
7,71,0.0
7,72,0.0
7,73,1.0
7,74,1.0
7,75,1.0
7,76,1.0
7,77,1.0
7,78,1.0
7,79,1.0
7,80,0.0
7,81,1.0
7,82,1.0
8,0,0.0
8,1,1.0
8,2,1.0
8,3,0.0
8,4,1.0
8,5,0.0
8,6,0.0
8,7,1.0
8,8,0.0
8,9,1.0
8,10,1.0
8,11,1.0
8,12,0.0
8,13,1.0
8,14,0.0
8,15,0.0
8,16,0.0
8,17,0.0
8,18,1.0
8,19,1.0
8,20,0.0
8,21,1.0
8,22,1.0
8,23,0.0
8,24,0.0
8,25,1.0
8,26,0.0
8,27,1.0
8,28,1.0
8,29,1.0
8,30,1.0
8,31,1.0
8,32,1.0
8,33,1.0
8,34,1.0
8,35,1.0
8,36,1.0
8,37,1.0
8,38,1.0
8,39,1.0
8,40,1.0
8,41,1.0
8,42,1.0
8,43,1.0
8,44,1.0
8,45,0.0
8,46,0.0
8,47,1.0
8,48,0.0
8,49,1.0
8,50,1.0
8,51,1.0
8,52,0.0
8,53,1.0
8,54,0.0
8,55,1.0
8,56,1.0
8,57,0.0
8,58,0.0
8,59,1.0
8,60,0.0
8,61,1.0
8,62,0.0
8,63,1.0
8,64,1.0
8,65,1.0
8,66,0.0
8,67,1.0
8,68,1.0
8,69,0.0
8,70,0.0
8,71,1.0
8,72,0.0
8,73,1.0
8,74,0.0
8,75,0.0
8,76,1.0
8,77,1.0
8,78,1.0
8,79,1.0
8,80,0.0
8,81,1.0
8,82,1.0
9,0,0.0
9,1,0.0
9,2,0.0
9,3,0.0
9,4,0.0
9,5,0.0
9,6,0.0
9,7,0.0
9,8,0.0
9,9,0.0
9,10,1.0
9,11,1.0
9,12,1.0
9,13,1.0
9,14,0.0
9,15,0.0
9,16,1.0
9,17,1.0
9,18,1.0
9,19,1.0
9,20,0.0
9,21,1.0
9,22,1.0
9,23,1.0
9,24,0.0
9,25,1.0
9,26,1.0
9,27,1.0
9,28,1.0
9,29,1.0
9,30,1.0
9,31,1.0
9,32,1.0
9,33,1.0
9,34,1.0
9,35,1.0
9,36,1.0
9,37,1.0
9,38,1.0
9,39,1.0
9,40,1.0
9,41,1.0
9,42,1.0
9,43,1.0
9,44,1.0
9,45,0.0
9,46,1.0
9,47,1.0
9,48,1.0
9,49,1.0
9,50,1.0
9,51,0.0
9,52,0.0
9,53,1.0
9,54,0.0
9,55,0.0
9,56,1.0
9,57,1.0
9,58,0.0
9,59,0.0
9,60,0.0
9,61,1.0
9,62,1.0
9,63,1.0
9,64,1.0
9,65,1.0
9,66,0.0
9,67,1.0
9,68,1.0
9,69,0.0
9,70,1.0
9,71,1.0
9,72,0.0
9,73,1.0
9,74,1.0
9,75,1.0
9,76,1.0
9,77,1.0
9,78,0.0
9,79,1.0
9,80,1.0
9,81,0.0
9,82,1.0
10,0,0.0
10,1,1.0
10,2,0.0
10,3,0.0
10,4,1.0
10,5,0.0
10,6,1.0
10,7,1.0
10,8,0.0
10,9,1.0
10,10,1.0
10,11,1.0
10,12,0.0
10,13,1.0
10,14,0.0
10,15,0.0
10,16,0.0
10,17,0.0
10,18,0.0
10,19,1.0
10,20,1.0
10,21,1.0
10,22,0.0
10,23,1.0
10,24,0.0
10,25,1.0
10,26,1.0
10,27,1.0
10,28,1.0
10,29,1.0
10,30,1.0
10,31,1.0
10,32,1.0
10,33,1.0
10,34,1.0
10,35,1.0
10,36,1.0
10,37,1.0
10,38,1.0
10,39,1.0
10,40,1.0
10,41,1.0
10,42,1.0
10,43,1.0
10,44,1.0
10,45,0.0
10,46,1.0
10,47,0.0
10,48,0.0
10,49,1.0
10,50,1.0
10,51,0.0
10,52,1.0
10,53,1.0
10,54,0.0
10,55,0.0
10,56,0.0
10,57,1.0
10,58,0.0
10,59,1.0
10,60,1.0
10,61,1.0
10,62,1.0
10,63,1.0
10,64,1.0
10,65,1.0
10,66,0.0
10,67,1.0
10,68,1.0
10,69,1.0
10,70,0.0
10,71,0.0
10,72,1.0
10,73,1.0
10,74,1.0
10,75,1.0
10,76,1.0
10,77,1.0
10,78,1.0
10,79,1.0
10,80,1.0
10,81,1.0
10,82,1.0
11,0,1.0
11,1,0.0
11,2,1.0
11,3,0.0
11,4,0.0
11,5,0.0
11,6,0.0
11,7,0.0
11,8,1.0
11,9,0.0
11,10,1.0
11,11,1.0
11,12,0.0
11,13,0.0
11,14,0.0
11,15,0.0
11,16,0.0
11,17,0.0
11,18,1.0
11,19,0.0
11,20,0.0
11,21,1.0
11,22,1.0
11,23,1.0
11,24,0.0
11,25,0.0
11,26,1.0
11,27,1.0
11,28,1.0
11,29,1.0
11,30,1.0
11,31,1.0
11,32,1.0
11,33,1.0
11,34,1.0
11,35,1.0
11,36,0.0
11,37,1.0
11,38,1.0
11,39,1.0
11,40,1.0
11,41,1.0
11,42,1.0
11,43,1.0
11,44,1.0
11,45,0.0
11,46,1.0
11,47,0.0
11,48,1.0
11,49,1.0
11,50,1.0
11,51,1.0
11,52,1.0
11,53,0.0
11,54,0.0
11,55,0.0
11,56,1.0
11,57,0.0
11,58,0.0
11,59,1.0
11,60,0.0
11,61,0.0
11,62,1.0
11,63,1.0
11,64,1.0
11,65,1.0
11,66,0.0
11,67,1.0
11,68,1.0
11,69,0.0
11,70,1.0
11,71,0.0
11,72,0.0
11,73,0.0
11,74,0.0
11,75,0.0
11,76,1.0
11,77,0.0
11,78,1.0
11,79,1.0
11,80,0.0
11,81,1.0
11,82,1.0
12,0,0.0
12,1,1.0
12,2,0.0
12,3,1.0
12,4,1.0
12,5,0.0
12,6,0.0
12,7,0.0
12,8,0.0
12,9,0.0
12,10,1.0
12,11,1.0
12,12,1.0
12,13,0.0
12,14,1.0
12,15,0.0
12,16,0.0
12,17,0.0
12,18,0.0
12,19,1.0
12,20,1.0
12,21,1.0
12,22,0.0
12,23,1.0
12,24,1.0
12,25,1.0
12,26,1.0
12,27,1.0
12,28,1.0
12,29,1.0
12,30,1.0
12,31,1.0
12,32,1.0
12,33,1.0
12,34,1.0
12,35,1.0
12,36,1.0
12,37,1.0
12,38,1.0
12,39,1.0
12,40,1.0
12,41,1.0
12,42,1.0
12,43,1.0
12,44,1.0
12,45,1.0
12,46,1.0
12,47,1.0
12,48,0.0
12,49,1.0
12,50,1.0
12,51,1.0
12,52,1.0
12,53,1.0
12,54,0.0
12,55,1.0
12,56,0.0
12,57,1.0
12,58,1.0
12,59,1.0
12,60,1.0
12,61,1.0
12,62,1.0
12,63,1.0
12,64,1.0
12,65,1.0
12,66,0.0
12,67,1.0
12,68,1.0
12,69,1.0
12,70,1.0
12,71,1.0
12,72,1.0
12,73,1.0
12,74,1.0
12,75,1.0
12,76,1.0
12,77,1.0
12,78,0.0
12,79,1.0
12,80,1.0
12,81,1.0
12,82,1.0
13,0,0.0
13,1,1.0
13,2,0.0
13,3,0.0
13,4,0.0
13,5,0.0
13,6,0.0
13,7,1.0
13,8,0.0
13,9,1.0
13,10,1.0
13,11,1.0
13,12,0.0
13,13,1.0
13,14,0.0
13,15,0.0
13,16,0.0
13,17,1.0
13,18,1.0
13,19,1.0
13,20,1.0
13,21,0.0
13,22,0.0
13,23,1.0
13,24,0.0
13,25,1.0
13,26,1.0
13,27,1.0
13,28,1.0
13,29,1.0
13,30,1.0
13,31,1.0
13,32,1.0
13,33,1.0
13,34,1.0
13,35,1.0
13,36,1.0
13,37,1.0
13,38,1.0
13,39,1.0
13,40,1.0
13,41,1.0
13,42,1.0
13,43,1.0
13,44,1.0
13,45,0.0
13,46,1.0
13,47,1.0
13,48,0.0
13,49,0.0
13,50,1.0
13,51,1.0
13,52,0.0
13,53,1.0
13,54,0.0
13,55,0.0
13,56,1.0
13,57,0.0
13,58,1.0
13,59,1.0
13,60,0.0
13,61,1.0
13,62,0.0
13,63,1.0
13,64,1.0
13,65,1.0
13,66,0.0
13,67,0.0
13,68,1.0
13,69,0.0
13,70,0.0
13,71,1.0
13,72,0.0
13,73,1.0
13,74,0.0
13,75,1.0
13,76,1.0
13,77,1.0
13,78,0.0
13,79,1.0
13,80,0.0
13,81,0.0
13,82,1.0
14,0,0.0
14,1,0.0
14,2,0.0
14,3,0.0
14,4,0.0
14,5,0.0
14,6,0.0
14,7,1.0
14,8,0.0
14,9,1.0
14,10,1.0
14,11,1.0
14,12,0.0
14,13,0.0
14,14,0.0
14,15,0.0
14,16,0.0
14,17,0.0
14,18,0.0
14,19,1.0
14,20,0.0
14,21,1.0
14,22,0.0
14,23,1.0
14,24,0.0
14,25,0.0
14,26,1.0
14,27,1.0
14,28,1.0
14,29,1.0
14,30,1.0
14,31,1.0
14,32,1.0
14,33,1.0
14,34,1.0
14,35,1.0
14,36,1.0
14,37,1.0
14,38,1.0
14,39,1.0
14,40,1.0
14,41,1.0
14,42,1.0
14,43,1.0
14,44,1.0
14,45,0.0
14,46,1.0
14,47,1.0
14,48,0.0
14,49,1.0
14,50,1.0
14,51,1.0
14,52,1.0
14,53,1.0
14,54,0.0
14,55,0.0
14,56,1.0
14,57,1.0
14,58,0.0
14,59,1.0
14,60,0.0
14,61,1.0
14,62,1.0
14,63,1.0
14,64,1.0
14,65,1.0
14,66,0.0
14,67,1.0
14,68,1.0
14,69,0.0
14,70,1.0
14,71,1.0
14,72,0.0
14,73,1.0
14,74,0.0
14,75,0.0
14,76,1.0
14,77,0.0
14,78,1.0
14,79,1.0
14,80,1.0
14,81,0.0
14,82,1.0
15,0,0.0
15,1,0.0
15,2,1.0
15,3,0.0
15,4,1.0
15,5,0.0
15,6,0.0
15,7,0.0
15,8,0.0
15,9,0.0
15,10,0.0
15,11,1.0
15,12,0.0
15,13,0.0
15,14,0.0
15,15,1.0
15,16,0.0
15,17,0.0
15,18,0.0
15,19,0.0
15,20,1.0
15,21,1.0
15,22,0.0
15,23,0.0
15,24,0.0
15,25,0.0
15,26,1.0
15,27,1.0
15,28,1.0
15,29,1.0
15,30,1.0
15,31,1.0
15,32,1.0
15,33,1.0
15,34,1.0
15,35,1.0
15,36,1.0
15,37,1.0
15,38,1.0
15,39,1.0
15,40,1.0
15,41,1.0
15,42,1.0
15,43,1.0
15,44,1.0
15,45,0.0
15,46,1.0
15,47,1.0
15,48,0.0
15,49,0.0
15,50,0.0
15,51,1.0
15,52,0.0
15,53,0.0
15,54,0.0
15,55,0.0
15,56,0.0
15,57,0.0
15,58,0.0
15,59,1.0
15,60,0.0
15,61,1.0
15,62,0.0
15,63,1.0
15,64,1.0
15,65,1.0
15,66,0.0
15,67,1.0
15,68,0.0
15,69,0.0
15,70,1.0
15,71,1.0
15,72,0.0
15,73,1.0
15,74,0.0
15,75,0.0
15,76,1.0
15,77,0.0
15,78,0.0
15,79,1.0
15,80,0.0
15,81,0.0
15,82,1.0
16,0,0.0
16,1,1.0
16,2,1.0
16,3,1.0
16,4,1.0
16,5,0.0
16,6,0.0
16,7,0.0
16,8,0.0
16,9,0.0
16,10,1.0
16,11,1.0
16,12,1.0
16,13,1.0
16,14,0.0
16,15,0.0
16,16,0.0
16,17,0.0
16,18,0.0
16,19,1.0
16,20,1.0
16,21,1.0
16,22,0.0
16,23,1.0
16,24,1.0
16,25,1.0
16,26,1.0
16,27,1.0
16,28,1.0
16,29,1.0
16,30,1.0
16,31,1.0
16,32,1.0
16,33,1.0
16,34,1.0
16,35,1.0
16,36,1.0
16,37,1.0
16,38,1.0
16,39,1.0
16,40,1.0
16,41,1.0
16,42,1.0
16,43,1.0
16,44,1.0
16,45,0.0
16,46,1.0
16,47,1.0
16,48,1.0
16,49,1.0
16,50,1.0
16,51,1.0
16,52,1.0
16,53,0.0
16,54,0.0
16,55,0.0
16,56,1.0
16,57,1.0
16,58,1.0
16,59,1.0
16,60,1.0
16,61,1.0
16,62,1.0
16,63,1.0
16,64,1.0
16,65,1.0
16,66,0.0
16,67,1.0
16,68,1.0
16,69,1.0
16,70,0.0
16,71,0.0
16,72,1.0
16,73,1.0
16,74,0.0
16,75,1.0
16,76,1.0
16,77,1.0
16,78,0.0
16,79,1.0
16,80,1.0
16,81,1.0
16,82,1.0
17,0,0.0
17,1,0.0
17,2,0.0
17,3,0.0
17,4,1.0
17,5,0.0
17,6,0.0
17,7,0.0
17,8,0.0
17,9,0.0
17,10,1.0
17,11,1.0
17,12,0.0
17,13,0.0
17,14,0.0
17,15,0.0
17,16,0.0
17,17,0.0
17,18,0.0
17,19,1.0
17,20,1.0
17,21,1.0
17,22,0.0
17,23,1.0
17,24,0.0
17,25,1.0
17,26,1.0
17,27,1.0
17,28,1.0
17,29,1.0
17,30,1.0
17,31,1.0
17,32,1.0
17,33,1.0
17,34,1.0
17,35,1.0
17,36,1.0
17,37,1.0
17,38,1.0
17,39,1.0
17,40,1.0
17,41,1.0
17,42,1.0
17,43,1.0
17,44,1.0
17,45,1.0
17,46,1.0
17,47,1.0
17,48,0.0
17,49,0.0
17,50,0.0
17,51,1.0
17,52,1.0
17,53,1.0
17,54,0.0
17,55,0.0
17,56,1.0
17,57,0.0
17,58,0.0
17,59,1.0
17,60,0.0
17,61,1.0
17,62,0.0
17,63,1.0
17,64,1.0
17,65,1.0
17,66,0.0
17,67,0.0
17,68,0.0
17,69,0.0
17,70,0.0
17,71,1.0
17,72,0.0
17,73,1.0
17,74,0.0
17,75,0.0
17,76,1.0
17,77,0.0
17,78,0.0
17,79,1.0
17,80,0.0
17,81,0.0
17,82,1.0
18,0,0.0
18,1,0.0
18,2,0.0
18,3,0.0
18,4,0.0
18,5,0.0
18,6,0.0
18,7,0.0
18,8,0.0
18,9,0.0
18,10,0.0
18,11,0.0
18,12,1.0
18,13,0.0
18,14,0.0
18,15,0.0
18,16,0.0
18,17,0.0
18,18,1.0
18,19,0.0
18,20,0.0
18,21,0.0
18,22,0.0
18,23,0.0
18,24,0.0
18,25,1.0
18,26,1.0
18,27,1.0
18,28,1.0
18,29,0.0
18,30,1.0
18,31,1.0
18,32,1.0
18,33,1.0
18,34,1.0
18,35,1.0
18,36,1.0
18,37,1.0
18,38,1.0
18,39,1.0
18,40,1.0
18,41,1.0
18,42,1.0
18,43,1.0
18,44,1.0
18,45,0.0
18,46,1.0
18,47,1.0
18,48,0.0
18,49,1.0
18,50,1.0
18,51,1.0
18,52,1.0
18,53,1.0
18,54,0.0
18,55,1.0
18,56,1.0
18,57,1.0
18,58,1.0
18,59,1.0
18,60,1.0
18,61,1.0
18,62,1.0
18,63,1.0
18,64,1.0
18,65,1.0
18,66,0.0
18,67,1.0
18,68,1.0
18,69,1.0
18,70,1.0
18,71,0.0
18,72,1.0
18,73,1.0
18,74,0.0
18,75,1.0
18,76,1.0
18,77,1.0
18,78,1.0
18,79,0.0
18,80,1.0
18,81,1.0
18,82,1.0
19,0,1.0
19,1,1.0
19,2,1.0
19,3,0.0
19,4,1.0
19,5,1.0
19,6,0.0
19,7,1.0
19,8,0.0
19,9,0.0
19,10,1.0
19,11,1.0
19,12,0.0
19,13,1.0
19,14,1.0
19,15,0.0
19,16,0.0
19,17,1.0
19,18,1.0
19,19,1.0
19,20,1.0
19,21,1.0
19,22,0.0
19,23,1.0
19,24,1.0
19,25,0.0
19,26,1.0
19,27,1.0
19,28,1.0
19,29,1.0
19,30,1.0
19,31,1.0
19,32,1.0
19,33,1.0
19,34,1.0
19,35,1.0
19,36,1.0
19,37,1.0
19,38,1.0
19,39,1.0
19,40,1.0
19,41,1.0
19,42,1.0
19,43,1.0
19,44,1.0
19,45,1.0
19,46,1.0
19,47,0.0
19,48,1.0
19,49,1.0
19,50,0.0
19,51,0.0
19,52,1.0
19,53,1.0
19,54,1.0
19,55,0.0
19,56,1.0
19,57,1.0
19,58,1.0
19,59,1.0
19,60,1.0
19,61,1.0
19,62,1.0
19,63,1.0
19,64,1.0
19,65,1.0
19,66,0.0
19,67,1.0
19,68,1.0
19,69,1.0
19,70,1.0
19,71,0.0
19,72,0.0
19,73,1.0
19,74,0.0
19,75,1.0
19,76,1.0
19,77,1.0
19,78,1.0
19,79,1.0
19,80,1.0
19,81,0.0
19,82,1.0
20,0,0.0
20,1,1.0
20,2,1.0
20,3,1.0
20,4,1.0
20,5,0.0
20,6,1.0
20,7,0.0
20,8,0.0
20,9,1.0
20,10,1.0
20,11,1.0
20,12,0.0
20,13,1.0
20,14,0.0
20,15,0.0
20,16,1.0
20,17,0.0
20,18,1.0
20,19,1.0
20,20,1.0
20,21,1.0
20,22,1.0
20,23,1.0
20,24,0.0
20,25,1.0
20,26,1.0
20,27,1.0
20,28,1.0
20,29,1.0
20,30,1.0
20,31,1.0
20,32,1.0
20,33,1.0
20,34,1.0
20,35,1.0
20,36,1.0
20,37,1.0
20,38,1.0
20,39,1.0
20,40,1.0
20,41,1.0
20,42,1.0
20,43,1.0
20,44,1.0
20,45,0.0
20,46,1.0
20,47,1.0
20,48,1.0
20,49,1.0
20,50,1.0
20,51,1.0
20,52,1.0
20,53,1.0
20,54,0.0
20,55,0.0
20,56,1.0
20,57,1.0
20,58,1.0
20,59,1.0
20,60,0.0
20,61,1.0
20,62,1.0
20,63,0.0
20,64,1.0
20,65,1.0
20,66,0.0
20,67,0.0
20,68,0.0
20,69,1.0
20,70,1.0
20,71,1.0
20,72,0.0
20,73,1.0
20,74,0.0
20,75,1.0
20,76,1.0
20,77,1.0
20,78,1.0
20,79,1.0
20,80,0.0
20,81,1.0
20,82,1.0
21,0,0.0
21,1,0.0
21,2,1.0
21,3,1.0
21,4,0.0
21,5,0.0
21,6,0.0
21,7,1.0
21,8,0.0
21,9,0.0
21,10,1.0
21,11,0.0
21,12,0.0
21,13,1.0
21,14,1.0
21,15,0.0
21,16,0.0
21,17,1.0
21,18,1.0
21,19,1.0
21,20,1.0
21,21,0.0
21,22,0.0
21,23,0.0
21,24,0.0
21,25,0.0
21,26,1.0
21,27,1.0
21,28,1.0
21,29,1.0
21,30,1.0
21,31,1.0
21,32,1.0
21,33,1.0
21,34,1.0
21,35,1.0
21,36,1.0
21,37,1.0
21,38,1.0
21,39,1.0
21,40,1.0
21,41,1.0
21,42,1.0
21,43,1.0
21,44,1.0
21,45,0.0
21,46,1.0
21,47,0.0
21,48,0.0
21,49,1.0
21,50,1.0
21,51,0.0
21,52,0.0
21,53,0.0
21,54,1.0
21,55,0.0
21,56,0.0
21,57,1.0
21,58,0.0
21,59,1.0
21,60,0.0
21,61,1.0
21,62,1.0
21,63,1.0
21,64,1.0
21,65,1.0
21,66,0.0
21,67,1.0
21,68,1.0
21,69,0.0
21,70,1.0
21,71,1.0
21,72,1.0
21,73,0.0
21,74,0.0
21,75,0.0
21,76,1.0
21,77,0.0
21,78,0.0
21,79,1.0
21,80,0.0
21,81,0.0
21,82,1.0
22,0,0.0
22,1,0.0
22,2,1.0
22,3,0.0
22,4,0.0
22,5,0.0
22,6,0.0
22,7,1.0
22,8,0.0
22,9,0.0
22,10,1.0
22,11,0.0
22,12,0.0
22,13,0.0
22,14,0.0
22,15,0.0
22,16,0.0
22,17,0.0
22,18,1.0
22,19,0.0
22,20,0.0
22,21,0.0
22,22,0.0
22,23,0.0
22,24,0.0
22,25,0.0
22,26,1.0
22,27,1.0
22,28,1.0
22,29,1.0
22,30,1.0
22,31,1.0
22,32,1.0
22,33,1.0
22,34,1.0
22,35,1.0
22,36,1.0
22,37,1.0
22,38,1.0
22,39,1.0
22,40,1.0
22,41,1.0
22,42,1.0
22,43,1.0
22,44,1.0
22,45,1.0
22,46,1.0
22,47,1.0
22,48,0.0
22,49,1.0
22,50,1.0
22,51,0.0
22,52,0.0
22,53,0.0
22,54,0.0
22,55,0.0
22,56,0.0
22,57,0.0
22,58,1.0
22,59,1.0
22,60,0.0
22,61,1.0
22,62,0.0
22,63,1.0
22,64,1.0
22,65,1.0
22,66,0.0
22,67,0.0
22,68,0.0
22,69,0.0
22,70,0.0
22,71,0.0
22,72,0.0
22,73,0.0
22,74,0.0
22,75,1.0
22,76,1.0
22,77,0.0
22,78,0.0
22,79,1.0
22,80,0.0
22,81,0.0
22,82,1.0
23,0,0.0
23,1,1.0
23,2,1.0
23,3,0.0
23,4,1.0
23,5,1.0
23,6,0.0
23,7,1.0
23,8,1.0
23,9,0.0
23,10,1.0
23,11,1.0
23,12,1.0
23,13,0.0
23,14,0.0
23,15,0.0
23,16,0.0
23,17,0.0
23,18,1.0
23,19,1.0
23,20,1.0
23,21,1.0
23,22,0.0
23,23,1.0
23,24,1.0
23,25,1.0
23,26,1.0
23,27,1.0
23,28,1.0
23,29,1.0
23,30,1.0
23,31,1.0
23,32,1.0
23,33,1.0
23,34,1.0
23,35,1.0
23,36,1.0
23,37,1.0
23,38,1.0
23,39,1.0
23,40,1.0
23,41,1.0
23,42,1.0
23,43,1.0
23,44,1.0
23,45,1.0
23,46,1.0
23,47,0.0
23,48,1.0
23,49,1.0
23,50,0.0
23,51,0.0
23,52,1.0
23,53,1.0
23,54,0.0
23,55,0.0
23,56,0.0
23,57,1.0
23,58,0.0
23,59,1.0
23,60,1.0
23,61,0.0
23,62,0.0
23,63,1.0
23,64,1.0
23,65,1.0
23,66,0.0
23,67,1.0
23,68,1.0
23,69,1.0
23,70,1.0
23,71,1.0
23,72,1.0
23,73,1.0
23,74,1.0
23,75,1.0
23,76,1.0
23,77,0.0
23,78,0.0
23,79,1.0
23,80,0.0
23,81,0.0
23,82,1.0
24,0,0.0
24,1,1.0
24,2,0.0
24,3,0.0
24,4,1.0
24,5,0.0
24,6,0.0
24,7,0.0
24,8,0.0
24,9,0.0
24,10,1.0
24,11,1.0
24,12,1.0
24,13,0.0
24,14,0.0
24,15,0.0
24,16,0.0
24,17,0.0
24,18,0.0
24,19,1.0
24,20,0.0
24,21,1.0
24,22,1.0
24,23,0.0
24,24,0.0
24,25,1.0
24,26,1.0
24,27,1.0
24,28,1.0
24,29,1.0
24,30,1.0
24,31,1.0
24,32,1.0
24,33,1.0
24,34,1.0
24,35,1.0
24,36,1.0
24,37,1.0
24,38,1.0
24,39,1.0
24,40,1.0
24,41,1.0
24,42,1.0
24,43,1.0
24,44,1.0
24,45,0.0
24,46,1.0
24,47,1.0
24,48,1.0
24,49,1.0
24,50,0.0
24,51,1.0
24,52,0.0
24,53,1.0
24,54,0.0
24,55,0.0
24,56,1.0
24,57,0.0
24,58,0.0
24,59,1.0
24,60,1.0
24,61,1.0
24,62,1.0
24,63,1.0
24,64,1.0
24,65,1.0
24,66,0.0
24,67,0.0
24,68,1.0
24,69,1.0
24,70,0.0
24,71,0.0
24,72,0.0
24,73,1.0
24,74,0.0
24,75,0.0
24,76,1.0
24,77,0.0
24,78,1.0
24,79,1.0
24,80,0.0
24,81,0.0
24,82,1.0
25,0,0.0
25,1,1.0
25,2,0.0
25,3,1.0
25,4,1.0
25,5,0.0
25,6,0.0
25,7,1.0
25,8,0.0
25,9,1.0
25,10,1.0
25,11,1.0
25,12,0.0
25,13,0.0
25,14,0.0
25,15,0.0
25,16,0.0
25,17,1.0
25,18,1.0
25,19,1.0
25,20,1.0
25,21,1.0
25,22,0.0
25,23,1.0
25,24,1.0
25,25,1.0
25,26,1.0
25,27,1.0
25,28,1.0
25,29,1.0
25,30,1.0
25,31,1.0
25,32,1.0
25,33,1.0
25,34,1.0
25,35,1.0
25,36,1.0
25,37,1.0
25,38,1.0
25,39,1.0
25,40,1.0
25,41,1.0
25,42,1.0
25,43,1.0
25,44,1.0
25,45,1.0
25,46,1.0
25,47,1.0
25,48,0.0
25,49,1.0
25,50,1.0
25,51,1.0
25,52,1.0
25,53,1.0
25,54,1.0
25,55,0.0
25,56,1.0
25,57,1.0
25,58,1.0
25,59,1.0
25,60,0.0
25,61,1.0
25,62,1.0
25,63,1.0
25,64,1.0
25,65,1.0
25,66,0.0
25,67,1.0
25,68,1.0
25,69,1.0
25,70,0.0
25,71,1.0
25,72,1.0
25,73,1.0
25,74,0.0
25,75,1.0
25,76,1.0
25,77,1.0
25,78,1.0
25,79,1.0
25,80,0.0
25,81,1.0
25,82,1.0
26,0,0.0
26,1,1.0
26,2,1.0
26,3,1.0
26,4,0.0
26,5,0.0
26,6,0.0
26,7,0.0
26,8,0.0
26,9,1.0
26,10,1.0
26,11,1.0
26,12,0.0
26,13,0.0
26,14,0.0
26,15,0.0
26,16,0.0
26,17,0.0
26,18,0.0
26,19,1.0
26,20,0.0
26,21,1.0
26,22,0.0
26,23,0.0
26,24,0.0
26,25,1.0
26,26,1.0
26,27,1.0
26,28,1.0
26,29,1.0
26,30,1.0
26,31,1.0
26,32,1.0
26,33,1.0
26,34,1.0
26,35,1.0
26,36,1.0
26,37,1.0
26,38,1.0
26,39,1.0
26,40,1.0
26,41,1.0
26,42,1.0
26,43,1.0
26,44,1.0
26,45,0.0
26,46,1.0
26,47,0.0
26,48,1.0
26,49,1.0
26,50,0.0
26,51,0.0
26,52,0.0
26,53,0.0
26,54,0.0
26,55,0.0
26,56,1.0
26,57,0.0
26,58,0.0
26,59,1.0
26,60,0.0
26,61,1.0
26,62,0.0
26,63,1.0
26,64,0.0
26,65,1.0
26,66,0.0
26,67,0.0
26,68,0.0
26,69,0.0
26,70,1.0
26,71,0.0
26,72,0.0
26,73,1.0
26,74,0.0
26,75,0.0
26,76,1.0
26,77,0.0
26,78,0.0
26,79,1.0
26,80,0.0
26,81,0.0
26,82,1.0
27,0,0.0
27,1,1.0
27,2,1.0
27,3,1.0
27,4,1.0
27,5,0.0
27,6,0.0
27,7,1.0
27,8,1.0
27,9,0.0
27,10,0.0
27,11,1.0
27,12,1.0
27,13,0.0
27,14,1.0
27,15,0.0
27,16,0.0
27,17,0.0
27,18,0.0
27,19,1.0
27,20,1.0
27,21,1.0
27,22,0.0
27,23,1.0
27,24,1.0
27,25,1.0
27,26,1.0
27,27,1.0
27,28,1.0
27,29,1.0
27,30,1.0
27,31,1.0
27,32,1.0
27,33,1.0
27,34,0.0
27,35,1.0
27,36,1.0
27,37,1.0
27,38,1.0
27,39,1.0
27,40,1.0
27,41,1.0
27,42,1.0
27,43,1.0
27,44,1.0
27,45,0.0
27,46,1.0
27,47,1.0
27,48,1.0
27,49,1.0
27,50,1.0
27,51,1.0
27,52,1.0
27,53,0.0
27,54,1.0
27,55,0.0
27,56,1.0
27,57,1.0
27,58,1.0
27,59,1.0
27,60,0.0
27,61,1.0
27,62,1.0
27,63,1.0
27,64,1.0
27,65,1.0
27,66,0.0
27,67,1.0
27,68,1.0
27,69,0.0
27,70,1.0
27,71,1.0
27,72,1.0
27,73,1.0
27,74,0.0
27,75,1.0
27,76,1.0
27,77,1.0
27,78,1.0
27,79,1.0
27,80,0.0
27,81,0.0
27,82,1.0
28,0,0.0
28,1,0.0
28,2,0.0
28,3,1.0
28,4,1.0
28,5,0.0
28,6,0.0
28,7,0.0
28,8,0.0
28,9,0.0
28,10,1.0
28,11,1.0
28,12,0.0
28,13,0.0
28,14,0.0
28,15,0.0
28,16,0.0
28,17,1.0
28,18,1.0
28,19,0.0
28,20,1.0
28,21,0.0
28,22,0.0
28,23,0.0
28,24,0.0
28,25,0.0
28,26,1.0
28,27,1.0
28,28,1.0
28,29,1.0
28,30,1.0
28,31,1.0
28,32,1.0
28,33,1.0
28,34,1.0
28,35,1.0
28,36,1.0
28,37,1.0
28,38,1.0
28,39,1.0
28,40,1.0
28,41,1.0
28,42,1.0
28,43,1.0
28,44,1.0
28,45,0.0
28,46,1.0
28,47,1.0
28,48,0.0
28,49,1.0
28,50,1.0
28,51,0.0
28,52,0.0
28,53,1.0
28,54,1.0
28,55,0.0
28,56,1.0
28,57,1.0
28,58,1.0
28,59,1.0
28,60,0.0
28,61,1.0
28,62,1.0
28,63,1.0
28,64,1.0
28,65,1.0
28,66,0.0
28,67,1.0
28,68,1.0
28,69,1.0
28,70,1.0
28,71,1.0
28,72,0.0
28,73,1.0
28,74,0.0
28,75,1.0
28,76,1.0
28,77,0.0
28,78,1.0
28,79,1.0
28,80,0.0
28,81,1.0
28,82,1.0
29,0,0.0
29,1,0.0
29,2,1.0
29,3,0.0
29,4,1.0
29,5,0.0
29,6,0.0
29,7,0.0
29,8,0.0
29,9,1.0
29,10,1.0
29,11,0.0
29,12,0.0
29,13,0.0
29,14,1.0
29,15,0.0
29,16,0.0
29,17,0.0
29,18,0.0
29,19,0.0
29,20,1.0
29,21,0.0
29,22,0.0
29,23,1.0
29,24,1.0
29,25,1.0
29,26,1.0
29,27,1.0
29,28,1.0
29,29,1.0
29,30,1.0
29,31,1.0
29,32,1.0
29,33,1.0
29,34,1.0
29,35,1.0
29,36,1.0
29,37,1.0
29,38,1.0
29,39,1.0
29,40,1.0
29,41,1.0
29,42,1.0
29,43,1.0
29,44,1.0
29,45,0.0
29,46,1.0
29,47,0.0
29,48,1.0
29,49,1.0
29,50,1.0
29,51,0.0
29,52,1.0
29,53,1.0
29,54,0.0
29,55,0.0
29,56,1.0
29,57,1.0
29,58,0.0
29,59,1.0
29,60,0.0
29,61,0.0
29,62,1.0
29,63,1.0
29,64,1.0
29,65,1.0
29,66,0.0
29,67,1.0
29,68,1.0
29,69,1.0
29,70,1.0
29,71,0.0
29,72,0.0
29,73,1.0
29,74,1.0
29,75,1.0
29,76,1.0
29,77,1.0
29,78,1.0
29,79,1.0
29,80,1.0
29,81,1.0
29,82,1.0
30,0,0.0
30,1,1.0
30,2,0.0
30,3,0.0
30,4,1.0
30,5,0.0
30,6,0.0
30,7,0.0
30,8,0.0
30,9,0.0
30,10,1.0
30,11,1.0
30,12,1.0
30,13,1.0
30,14,0.0
30,15,0.0
30,16,0.0
30,17,0.0
30,18,0.0
30,19,1.0
30,20,1.0
30,21,0.0
30,22,1.0
30,23,0.0
30,24,1.0
30,25,0.0
30,26,0.0
30,27,1.0
30,28,1.0
30,29,1.0
30,30,1.0
30,31,1.0
30,32,1.0
30,33,1.0
30,34,1.0
30,35,1.0
30,36,1.0
30,37,1.0
30,38,1.0
30,39,1.0
30,40,1.0
30,41,1.0
30,42,1.0
30,43,1.0
30,44,1.0
30,45,0.0
30,46,1.0
30,47,1.0
30,48,0.0
30,49,1.0
30,50,1.0
30,51,1.0
30,52,0.0
30,53,1.0
30,54,0.0
30,55,0.0
30,56,1.0
30,57,1.0
30,58,0.0
30,59,1.0
30,60,0.0
30,61,1.0
30,62,1.0
30,63,1.0
30,64,1.0
30,65,1.0
30,66,0.0
30,67,1.0
30,68,1.0
30,69,0.0
30,70,0.0
30,71,1.0
30,72,0.0
30,73,0.0
30,74,0.0
30,75,1.0
30,76,1.0
30,77,0.0
30,78,0.0
30,79,0.0
30,80,0.0
30,81,0.0
30,82,1.0
31,0,0.0
31,1,1.0
31,2,1.0
31,3,0.0
31,4,1.0
31,5,0.0
31,6,0.0
31,7,0.0
31,8,0.0
31,9,0.0
31,10,1.0
31,11,1.0
31,12,1.0
31,13,1.0
31,14,0.0
31,15,0.0
31,16,0.0
31,17,1.0
31,18,0.0
31,19,1.0
31,20,0.0
31,21,1.0
31,22,0.0
31,23,1.0
31,24,1.0
31,25,0.0
31,26,1.0
31,27,1.0
31,28,1.0
31,29,1.0
31,30,1.0
31,31,1.0
31,32,1.0
31,33,1.0
31,34,1.0
31,35,1.0
31,36,1.0
31,37,1.0
31,38,1.0
31,39,1.0
31,40,1.0
31,41,1.0
31,42,1.0
31,43,1.0
31,44,1.0
31,45,1.0
31,46,1.0
31,47,1.0
31,48,1.0
31,49,1.0
31,50,1.0
31,51,1.0
31,52,1.0
31,53,1.0
31,54,0.0
31,55,1.0
31,56,1.0
31,57,1.0
31,58,1.0
31,59,1.0
31,60,1.0
31,61,1.0
31,62,1.0
31,63,1.0
31,64,1.0
31,65,1.0
31,66,0.0
31,67,1.0
31,68,1.0
31,69,0.0
31,70,1.0
31,71,0.0
31,72,1.0
31,73,1.0
31,74,1.0
31,75,1.0
31,76,1.0
31,77,1.0
31,78,0.0
31,79,1.0
31,80,0.0
31,81,1.0
31,82,1.0
32,0,1.0
32,1,1.0
32,2,1.0
32,3,0.0
32,4,1.0
32,5,1.0
32,6,1.0
32,7,0.0
32,8,1.0
32,9,1.0
32,10,1.0
32,11,1.0
32,12,1.0
32,13,0.0
32,14,1.0
32,15,0.0
32,16,1.0
32,17,1.0
32,18,1.0
32,19,1.0
32,20,1.0
32,21,1.0
32,22,1.0
32,23,1.0
32,24,0.0
32,25,1.0
32,26,1.0
32,27,1.0
32,28,1.0
32,29,1.0
32,30,1.0
32,31,1.0
32,32,1.0
32,33,1.0
32,34,1.0
32,35,1.0
32,36,1.0
32,37,1.0
32,38,1.0
32,39,1.0
32,40,1.0
32,41,1.0
32,42,1.0
32,43,1.0
32,44,1.0
32,45,1.0
32,46,1.0
32,47,0.0
32,48,1.0
32,49,1.0
32,50,1.0
32,51,1.0
32,52,1.0
32,53,1.0
32,54,0.0
32,55,1.0
32,56,1.0
32,57,1.0
32,58,1.0
32,59,1.0
32,60,1.0
32,61,1.0
32,62,1.0
32,63,1.0
32,64,1.0
32,65,1.0
32,66,0.0
32,67,1.0
32,68,1.0
32,69,1.0
32,70,1.0
32,71,0.0
32,72,1.0
32,73,1.0
32,74,0.0
32,75,1.0
32,76,1.0
32,77,1.0
32,78,1.0
32,79,1.0
32,80,1.0
32,81,1.0
32,82,1.0
33,0,0.0
33,1,1.0
33,2,0.0
33,3,1.0
33,4,1.0
33,5,0.0
33,6,0.0
33,7,1.0
33,8,1.0
33,9,0.0
33,10,1.0
33,11,1.0
33,12,1.0
33,13,1.0
33,14,0.0
33,15,0.0
33,16,0.0
33,17,1.0
33,18,1.0
33,19,1.0
33,20,1.0
33,21,0.0
33,22,1.0
33,23,1.0
33,24,1.0
33,25,1.0
33,26,1.0
33,27,1.0
33,28,1.0
33,29,1.0
33,30,1.0
33,31,1.0
33,32,1.0
33,33,1.0
33,34,1.0
33,35,1.0
33,36,1.0
33,37,1.0
33,38,1.0
33,39,1.0
33,40,1.0
33,41,1.0
33,42,1.0
33,43,1.0
33,44,1.0
33,45,1.0
33,46,1.0
33,47,0.0
33,48,1.0
33,49,1.0
33,50,1.0
33,51,0.0
33,52,1.0
33,53,0.0
33,54,0.0
33,55,0.0
33,56,1.0
33,57,0.0
33,58,0.0
33,59,1.0
33,60,0.0
33,61,1.0
33,62,1.0
33,63,1.0
33,64,1.0
33,65,1.0
33,66,0.0
33,67,1.0
33,68,1.0
33,69,0.0
33,70,0.0
33,71,1.0
33,72,0.0
33,73,1.0
33,74,0.0
33,75,0.0
33,76,1.0
33,77,0.0
33,78,0.0
33,79,1.0
33,80,0.0
33,81,0.0
33,82,1.0
34,0,0.0
34,1,1.0
34,2,1.0
34,3,0.0
34,4,0.0
34,5,0.0
34,6,0.0
34,7,0.0
34,8,0.0
34,9,1.0
34,10,0.0
34,11,0.0
34,12,1.0
34,13,0.0
34,14,0.0
34,15,1.0
34,16,0.0
34,17,1.0
34,18,1.0
34,19,0.0
34,20,1.0
34,21,1.0
34,22,0.0
34,23,0.0
34,24,1.0
34,25,1.0
34,26,1.0
34,27,1.0
34,28,1.0
34,29,1.0
34,30,1.0
34,31,1.0
34,32,1.0
34,33,1.0
34,34,1.0
34,35,1.0
34,36,1.0
34,37,1.0
34,38,1.0
34,39,1.0
34,40,1.0
34,41,1.0
34,42,1.0
34,43,1.0
34,44,1.0
34,45,0.0
34,46,1.0
34,47,1.0
34,48,0.0
34,49,1.0
34,50,0.0
34,51,1.0
34,52,1.0
34,53,1.0
34,54,1.0
34,55,0.0
34,56,1.0
34,57,1.0
34,58,1.0
34,59,1.0
34,60,0.0
34,61,1.0
34,62,1.0
34,63,1.0
34,64,1.0
34,65,1.0
34,66,1.0
34,67,1.0
34,68,1.0
34,69,1.0
34,70,1.0
34,71,0.0
34,72,0.0
34,73,1.0
34,74,0.0
34,75,1.0
34,76,1.0
34,77,0.0
34,78,1.0
34,79,1.0
34,80,0.0
34,81,0.0
34,82,1.0
35,0,0.0
35,1,1.0
35,2,1.0
35,3,1.0
35,4,1.0
35,5,0.0
35,6,1.0
35,7,1.0
35,8,1.0
35,9,1.0
35,10,1.0
35,11,1.0
35,12,1.0
35,13,1.0
35,14,0.0
35,15,1.0
35,16,0.0
35,17,1.0
35,18,1.0
35,19,1.0
35,20,1.0
35,21,1.0
35,22,1.0
35,23,1.0
35,24,1.0
35,25,1.0
35,26,1.0
35,27,1.0
35,28,1.0
35,29,1.0
35,30,1.0
35,31,1.0
35,32,1.0
35,33,1.0
35,34,1.0
35,35,1.0
35,36,1.0
35,37,1.0
35,38,1.0
35,39,1.0
35,40,1.0
35,41,1.0
35,42,1.0
35,43,1.0
35,44,1.0
35,45,1.0
35,46,1.0
35,47,1.0
35,48,1.0
35,49,1.0
35,50,1.0
35,51,0.0
35,52,1.0
35,53,1.0
35,54,1.0
35,55,1.0
35,56,1.0
35,57,1.0
35,58,1.0
35,59,1.0
35,60,0.0
35,61,1.0
35,62,1.0
35,63,1.0
35,64,1.0
35,65,1.0
35,66,1.0
35,67,1.0
35,68,1.0
35,69,1.0
35,70,1.0
35,71,0.0
35,72,1.0
35,73,1.0
35,74,1.0
35,75,1.0
35,76,1.0
35,77,1.0
35,78,1.0
35,79,1.0
35,80,1.0
35,81,1.0
35,82,1.0
36,0,0.0
36,1,1.0
36,2,1.0
36,3,0.0
36,4,1.0
36,5,0.0
36,6,0.0
36,7,0.0
36,8,0.0
36,9,1.0
36,10,0.0
36,11,1.0
36,12,1.0
36,13,1.0
36,14,0.0
36,15,0.0
36,16,0.0
36,17,1.0
36,18,1.0
36,19,1.0
36,20,1.0
36,21,1.0
36,22,1.0
36,23,1.0
36,24,0.0
36,25,1.0
36,26,1.0
36,27,1.0
36,28,1.0
36,29,1.0
36,30,1.0
36,31,1.0
36,32,1.0
36,33,1.0
36,34,1.0
36,35,1.0
36,36,1.0
36,37,1.0
36,38,1.0
36,39,1.0
36,40,1.0
36,41,1.0
36,42,1.0
36,43,1.0
36,44,1.0
36,45,1.0
36,46,1.0
36,47,1.0
36,48,0.0
36,49,1.0
36,50,1.0
36,51,1.0
36,52,1.0
36,53,1.0
36,54,1.0
36,55,0.0
36,56,1.0
36,57,0.0
36,58,0.0
36,59,1.0
36,60,1.0
36,61,1.0
36,62,0.0
36,63,1.0
36,64,1.0
36,65,1.0
36,66,0.0
36,67,1.0
36,68,0.0
36,69,0.0
36,70,0.0
36,71,1.0
36,72,0.0
36,73,1.0
36,74,0.0
36,75,0.0
36,76,1.0
36,77,0.0
36,78,0.0
36,79,1.0
36,80,1.0
36,81,0.0
36,82,1.0
37,0,0.0
37,1,0.0
37,2,0.0
37,3,0.0
37,4,1.0
37,5,0.0
37,6,0.0
37,7,0.0
37,8,0.0
37,9,0.0
37,10,0.0
37,11,0.0
37,12,0.0
37,13,0.0
37,14,0.0
37,15,0.0
37,16,0.0
37,17,0.0
37,18,1.0
37,19,1.0
37,20,0.0
37,21,0.0
37,22,0.0
37,23,0.0
37,24,0.0
37,25,0.0
37,26,1.0
37,27,1.0
37,28,1.0
37,29,1.0
37,30,1.0
37,31,1.0
37,32,1.0
37,33,1.0
37,34,1.0
37,35,1.0
37,36,1.0
37,37,1.0
37,38,1.0
37,39,1.0
37,40,1.0
37,41,1.0
37,42,1.0
37,43,1.0
37,44,1.0
37,45,0.0
37,46,1.0
37,47,0.0
37,48,0.0
37,49,1.0
37,50,1.0
37,51,0.0
37,52,0.0
37,53,1.0
37,54,0.0
37,55,0.0
37,56,1.0
37,57,0.0
37,58,1.0
37,59,1.0
37,60,0.0
37,61,1.0
37,62,1.0
37,63,1.0
37,64,1.0
37,65,1.0
37,66,0.0
37,67,1.0
37,68,0.0
37,69,0.0
37,70,0.0
37,71,1.0
37,72,0.0
37,73,1.0
37,74,0.0
37,75,0.0
37,76,1.0
37,77,1.0
37,78,0.0
37,79,1.0
37,80,1.0
37,81,0.0
37,82,1.0
38,0,0.0
38,1,0.0
38,2,1.0
38,3,1.0
38,4,1.0
38,5,0.0
38,6,1.0
38,7,0.0
38,8,0.0
38,9,0.0
38,10,1.0
38,11,1.0
38,12,0.0
38,13,1.0
38,14,1.0
38,15,0.0
38,16,0.0
38,17,0.0
38,18,0.0
38,19,1.0
38,20,1.0
38,21,1.0
38,22,1.0
38,23,1.0
38,24,0.0
38,25,1.0
38,26,1.0
38,27,1.0
38,28,1.0
38,29,1.0
38,30,1.0
38,31,1.0
38,32,1.0
38,33,1.0
38,34,1.0
38,35,1.0
38,36,1.0
38,37,1.0
38,38,1.0
38,39,1.0
38,40,1.0
38,41,1.0
38,42,1.0
38,43,1.0
38,44,1.0
38,45,1.0
38,46,0.0
38,47,1.0
38,48,1.0
38,49,1.0
38,50,1.0
38,51,0.0
38,52,1.0
38,53,1.0
38,54,0.0
38,55,1.0
38,56,1.0
38,57,1.0
38,58,1.0
38,59,1.0
38,60,1.0
38,61,1.0
38,62,1.0
38,63,1.0
38,64,1.0
38,65,1.0
38,66,1.0
38,67,1.0
38,68,1.0
38,69,1.0
38,70,1.0
38,71,1.0
38,72,0.0
38,73,1.0
38,74,1.0
38,75,1.0
38,76,1.0
38,77,1.0
38,78,0.0
38,79,1.0
38,80,1.0
38,81,1.0
38,82,1.0
39,0,1.0
39,1,1.0
39,2,0.0
39,3,1.0
39,4,1.0
39,5,0.0
39,6,0.0
39,7,1.0
39,8,1.0
39,9,0.0
39,10,1.0
39,11,1.0
39,12,0.0
39,13,0.0
39,14,0.0
39,15,1.0
39,16,1.0
39,17,0.0
39,18,1.0
39,19,1.0
39,20,1.0
39,21,1.0
39,22,1.0
39,23,0.0
39,24,0.0
39,25,1.0
39,26,1.0
39,27,1.0
39,28,1.0
39,29,1.0
39,30,1.0
39,31,1.0
39,32,1.0
39,33,1.0
39,34,1.0
39,35,1.0
39,36,1.0
39,37,1.0
39,38,1.0
39,39,1.0
39,40,1.0
39,41,1.0
39,42,1.0
39,43,1.0
39,44,1.0
39,45,1.0
39,46,1.0
39,47,1.0
39,48,1.0
39,49,1.0
39,50,1.0
39,51,1.0
39,52,1.0
39,53,1.0
39,54,0.0
39,55,1.0
39,56,0.0
39,57,0.0
39,58,0.0
39,59,1.0
39,60,1.0
39,61,1.0
39,62,1.0
39,63,1.0
39,64,1.0
39,65,1.0
39,66,1.0
39,67,1.0
39,68,1.0
39,69,1.0
39,70,0.0
39,71,1.0
39,72,1.0
39,73,0.0
39,74,1.0
39,75,1.0
39,76,1.0
39,77,1.0
39,78,1.0
39,79,1.0
39,80,0.0
39,81,1.0
39,82,1.0
40,0,0.0
40,1,1.0
40,2,1.0
40,3,0.0
40,4,1.0
40,5,0.0
40,6,1.0
40,7,1.0
40,8,1.0
40,9,1.0
40,10,1.0
40,11,1.0
40,12,1.0
40,13,1.0
40,14,1.0
40,15,1.0
40,16,1.0
40,17,1.0
40,18,1.0
40,19,1.0
40,20,1.0
40,21,1.0
40,22,1.0
40,23,1.0
40,24,1.0
40,25,1.0
40,26,1.0
40,27,1.0
40,28,1.0
40,29,1.0
40,30,1.0
40,31,1.0
40,32,1.0
40,33,1.0
40,34,1.0
40,35,1.0
40,36,1.0
40,37,1.0
40,38,1.0
40,39,1.0
40,40,1.0
40,41,1.0
40,42,1.0
40,43,1.0
40,44,1.0
40,45,1.0
40,46,1.0
40,47,1.0
40,48,1.0
40,49,1.0
40,50,1.0
40,51,1.0
40,52,1.0
40,53,1.0
40,54,1.0
40,55,1.0
40,56,1.0
40,57,1.0
40,58,1.0
40,59,1.0
40,60,1.0
40,61,1.0
40,62,1.0
40,63,1.0
40,64,1.0
40,65,1.0
40,66,0.0
40,67,1.0
40,68,1.0
40,69,1.0
40,70,1.0
40,71,1.0
40,72,0.0
40,73,1.0
40,74,1.0
40,75,1.0
40,76,1.0
40,77,1.0
40,78,1.0
40,79,1.0
40,80,0.0
40,81,0.0
40,82,1.0
41,0,0.0
41,1,0.0
41,2,0.0
41,3,0.0
41,4,0.0
41,5,0.0
41,6,1.0
41,7,1.0
41,8,1.0
41,9,1.0
41,10,1.0
41,11,1.0
41,12,0.0
41,13,1.0
41,14,0.0
41,15,0.0
41,16,0.0
41,17,1.0
41,18,1.0
41,19,1.0
41,20,1.0
41,21,1.0
41,22,0.0
41,23,1.0
41,24,0.0
41,25,1.0
41,26,1.0
41,27,1.0
41,28,1.0
41,29,1.0
41,30,1.0
41,31,1.0
41,32,1.0
41,33,1.0
41,34,1.0
41,35,1.0
41,36,1.0
41,37,1.0
41,38,1.0
41,39,1.0
41,40,1.0
41,41,1.0
41,42,1.0
41,43,1.0
41,44,1.0
41,45,0.0
41,46,1.0
41,47,1.0
41,48,1.0
41,49,1.0
41,50,1.0
41,51,0.0
41,52,1.0
41,53,1.0
41,54,0.0
41,55,0.0
41,56,1.0
41,57,1.0
41,58,1.0
41,59,1.0
41,60,1.0
41,61,1.0
41,62,1.0
41,63,1.0
41,64,1.0
41,65,1.0
41,66,0.0
41,67,1.0
41,68,1.0
41,69,1.0
41,70,1.0
41,71,0.0
41,72,1.0
41,73,1.0
41,74,1.0
41,75,1.0
41,76,1.0
41,77,1.0
41,78,1.0
41,79,1.0
41,80,1.0
41,81,1.0
41,82,1.0
42,0,0.0
42,1,1.0
42,2,1.0
42,3,0.0
42,4,1.0
42,5,0.0
42,6,1.0
42,7,1.0
42,8,0.0
42,9,1.0
42,10,1.0
42,11,1.0
42,12,1.0
42,13,0.0
42,14,0.0
42,15,1.0
42,16,0.0
42,17,0.0
42,18,1.0
42,19,1.0
42,20,1.0
42,21,1.0
42,22,1.0
42,23,1.0
42,24,0.0
42,25,1.0
42,26,1.0
42,27,1.0
42,28,1.0
42,29,1.0
42,30,1.0
42,31,1.0
42,32,1.0
42,33,1.0
42,34,1.0
42,35,1.0
42,36,1.0
42,37,1.0
42,38,1.0
42,39,1.0
42,40,1.0
42,41,1.0
42,42,1.0
42,43,1.0
42,44,1.0
42,45,1.0
42,46,1.0
42,47,1.0
42,48,0.0
42,49,1.0
42,50,0.0
42,51,1.0
42,52,1.0
42,53,1.0
42,54,1.0
42,55,0.0
42,56,1.0
42,57,0.0
42,58,1.0
42,59,1.0
42,60,1.0
42,61,1.0
42,62,1.0
42,63,1.0
42,64,1.0
42,65,1.0
42,66,0.0
42,67,1.0
42,68,1.0
42,69,1.0
42,70,0.0
42,71,0.0
42,72,0.0
42,73,1.0
42,74,0.0
42,75,0.0
42,76,1.0
42,77,1.0
42,78,1.0
42,79,1.0
42,80,0.0
42,81,1.0
42,82,1.0
43,0,1.0
43,1,0.0
43,2,1.0
43,3,0.0
43,4,0.0
43,5,0.0
43,6,0.0
43,7,1.0
43,8,0.0
43,9,1.0
43,10,1.0
43,11,1.0
43,12,1.0
43,13,0.0
43,14,0.0
43,15,0.0
43,16,0.0
43,17,1.0
43,18,0.0
43,19,1.0
43,20,0.0
43,21,1.0
43,22,0.0
43,23,1.0
43,24,0.0
43,25,1.0
43,26,0.0
43,27,1.0
43,28,1.0
43,29,1.0
43,30,1.0
43,31,1.0
43,32,1.0
43,33,1.0
43,34,1.0
43,35,1.0
43,36,1.0
43,37,1.0
43,38,1.0
43,39,1.0
43,40,1.0
43,41,1.0
43,42,1.0
43,43,1.0
43,44,1.0
43,45,0.0
43,46,1.0
43,47,1.0
43,48,0.0
43,49,1.0
43,50,1.0
43,51,1.0
43,52,1.0
43,53,0.0
43,54,0.0
43,55,1.0
43,56,1.0
43,57,1.0
43,58,0.0
43,59,1.0
43,60,0.0
43,61,1.0
43,62,1.0
43,63,1.0
43,64,1.0
43,65,1.0
43,66,0.0
43,67,1.0
43,68,0.0
43,69,1.0
43,70,0.0
43,71,1.0
43,72,1.0
43,73,0.0
43,74,0.0
43,75,0.0
43,76,1.0
43,77,1.0
43,78,1.0
43,79,1.0
43,80,0.0
43,81,0.0
43,82,1.0
44,0,0.0
44,1,0.0
44,2,0.0
44,3,0.0
44,4,1.0
44,5,0.0
44,6,0.0
44,7,0.0
44,8,0.0
44,9,0.0
44,10,1.0
44,11,1.0
44,12,0.0
44,13,0.0
44,14,1.0
44,15,0.0
44,16,0.0
44,17,1.0
44,18,1.0
44,19,1.0
44,20,0.0
44,21,0.0
44,22,0.0
44,23,0.0
44,24,0.0
44,25,0.0
44,26,0.0
44,27,1.0
44,28,1.0
44,29,1.0
44,30,1.0
44,31,1.0
44,32,1.0
44,33,1.0
44,34,1.0
44,35,1.0
44,36,1.0
44,37,1.0
44,38,1.0
44,39,1.0
44,40,1.0
44,41,1.0
44,42,1.0
44,43,1.0
44,44,1.0
44,45,0.0
44,46,1.0
44,47,1.0
44,48,0.0
44,49,1.0
44,50,1.0
44,51,1.0
44,52,1.0
44,53,0.0
44,54,0.0
44,55,0.0
44,56,1.0
44,57,0.0
44,58,0.0
44,59,1.0
44,60,0.0
44,61,1.0
44,62,1.0
44,63,1.0
44,64,1.0
44,65,1.0
44,66,0.0
44,67,1.0
44,68,0.0
44,69,1.0
44,70,1.0
44,71,1.0
44,72,1.0
44,73,1.0
44,74,0.0
44,75,0.0
44,76,1.0
44,77,0.0
44,78,1.0
44,79,1.0
44,80,1.0
44,81,0.0
44,82,1.0
45,0,0.0
45,1,1.0
45,2,1.0
45,3,0.0
45,4,1.0
45,5,0.0
45,6,0.0
45,7,1.0
45,8,0.0
45,9,1.0
45,10,1.0
45,11,0.0
45,12,1.0
45,13,1.0
45,14,0.0
45,15,1.0
45,16,0.0
45,17,1.0
45,18,1.0
45,19,1.0
45,20,1.0
45,21,1.0
45,22,1.0
45,23,1.0
45,24,0.0
45,25,1.0
45,26,1.0
45,27,1.0
45,28,1.0
45,29,1.0
45,30,1.0
45,31,1.0
45,32,1.0
45,33,1.0
45,34,1.0
45,35,1.0
45,36,1.0
45,37,1.0
45,38,1.0
45,39,1.0
45,40,1.0
45,41,1.0
45,42,1.0
45,43,1.0
45,44,1.0
45,45,1.0
45,46,1.0
45,47,1.0
45,48,1.0
45,49,1.0
45,50,1.0
45,51,1.0
45,52,1.0
45,53,1.0
45,54,1.0
45,55,1.0
45,56,1.0
45,57,1.0
45,58,1.0
45,59,1.0
45,60,1.0
45,61,1.0
45,62,1.0
45,63,1.0
45,64,1.0
45,65,1.0
45,66,1.0
45,67,1.0
45,68,1.0
45,69,1.0
45,70,1.0
45,71,1.0
45,72,1.0
45,73,1.0
45,74,1.0
45,75,1.0
45,76,1.0
45,77,1.0
45,78,1.0
45,79,1.0
45,80,1.0
45,81,1.0
45,82,1.0
46,0,1.0
46,1,1.0
46,2,0.0
46,3,0.0
46,4,1.0
46,5,0.0
46,6,0.0
46,7,1.0
46,8,0.0
46,9,0.0
46,10,1.0
46,11,1.0
46,12,0.0
46,13,1.0
46,14,0.0
46,15,0.0
46,16,0.0
46,17,0.0
46,18,1.0
46,19,1.0
46,20,1.0
46,21,1.0
46,22,1.0
46,23,1.0
46,24,1.0
46,25,0.0
46,26,1.0
46,27,1.0
46,28,1.0
46,29,1.0
46,30,1.0
46,31,1.0
46,32,1.0
46,33,1.0
46,34,1.0
46,35,1.0
46,36,1.0
46,37,1.0
46,38,1.0
46,39,1.0
46,40,1.0
46,41,1.0
46,42,1.0
46,43,1.0
46,44,1.0
46,45,1.0
46,46,1.0
46,47,0.0
46,48,1.0
46,49,1.0
46,50,1.0
46,51,1.0
46,52,1.0
46,53,1.0
46,54,1.0
46,55,1.0
46,56,1.0
46,57,1.0
46,58,1.0
46,59,1.0
46,60,1.0
46,61,1.0
46,62,1.0
46,63,1.0
46,64,1.0
46,65,1.0
46,66,0.0
46,67,1.0
46,68,1.0
46,69,1.0
46,70,1.0
46,71,1.0
46,72,1.0
46,73,1.0
46,74,1.0
46,75,1.0
46,76,1.0
46,77,0.0
46,78,1.0
46,79,1.0
46,80,1.0
46,81,1.0
46,82,1.0
47,0,0.0
47,1,0.0
47,2,1.0
47,3,0.0
47,4,0.0
47,5,0.0
47,6,0.0
47,7,0.0
47,8,1.0
47,9,0.0
47,10,1.0
47,11,0.0
47,12,1.0
47,13,0.0
47,14,1.0
47,15,0.0
47,16,0.0
47,17,1.0
47,18,1.0
47,19,1.0
47,20,1.0
47,21,1.0
47,22,0.0
47,23,0.0
47,24,0.0
47,25,1.0
47,26,1.0
47,27,1.0
47,28,1.0
47,29,1.0
47,30,1.0
47,31,1.0
47,32,1.0
47,33,1.0
47,34,1.0
47,35,1.0
47,36,1.0
47,37,1.0
47,38,1.0
47,39,1.0
47,40,1.0
47,41,1.0
47,42,1.0
47,43,1.0
47,44,1.0
47,45,1.0
47,46,1.0
47,47,1.0
47,48,1.0
47,49,1.0
47,50,1.0
47,51,1.0
47,52,1.0
47,53,1.0
47,54,0.0
47,55,0.0
47,56,0.0
47,57,1.0
47,58,1.0
47,59,1.0
47,60,1.0
47,61,1.0
47,62,1.0
47,63,1.0
47,64,1.0
47,65,1.0
47,66,0.0
47,67,1.0
47,68,1.0
47,69,1.0
47,70,1.0
47,71,1.0
47,72,1.0
47,73,1.0
47,74,1.0
47,75,1.0
47,76,1.0
47,77,1.0
47,78,1.0
47,79,1.0
47,80,1.0
47,81,1.0
47,82,1.0
48,0,0.0
48,1,0.0
48,2,0.0
48,3,0.0
48,4,1.0
48,5,0.0
48,6,0.0
48,7,0.0
48,8,0.0
48,9,1.0
48,10,0.0
48,11,1.0
48,12,1.0
48,13,0.0
48,14,1.0
48,15,0.0
48,16,0.0
48,17,0.0
48,18,1.0
48,19,1.0
48,20,1.0
48,21,0.0
48,22,0.0
48,23,1.0
48,24,0.0
48,25,0.0
48,26,0.0
48,27,1.0
48,28,1.0
48,29,1.0
48,30,1.0
48,31,1.0
48,32,1.0
48,33,1.0
48,34,1.0
48,35,1.0
48,36,1.0
48,37,1.0
48,38,1.0
48,39,1.0
48,40,1.0
48,41,1.0
48,42,1.0
48,43,1.0
48,44,1.0
48,45,0.0
48,46,0.0
48,47,1.0
48,48,0.0
48,49,1.0
48,50,1.0
48,51,1.0
48,52,0.0
48,53,1.0
48,54,0.0
48,55,0.0
48,56,1.0
48,57,0.0
48,58,1.0
48,59,1.0
48,60,1.0
48,61,1.0
48,62,1.0
48,63,1.0
48,64,1.0
48,65,1.0
48,66,0.0
48,67,1.0
48,68,1.0
48,69,0.0
48,70,1.0
48,71,1.0
48,72,0.0
48,73,1.0
48,74,0.0
48,75,0.0
48,76,1.0
48,77,1.0
48,78,1.0
48,79,1.0
48,80,0.0
48,81,1.0
48,82,1.0
49,0,0.0
49,1,1.0
49,2,1.0
49,3,0.0
49,4,0.0
49,5,0.0
49,6,0.0
49,7,0.0
49,8,0.0
49,9,0.0
49,10,1.0
49,11,1.0
49,12,0.0
49,13,1.0
49,14,0.0
49,15,0.0
49,16,0.0
49,17,0.0
49,18,1.0
49,19,1.0
49,20,0.0
49,21,0.0
49,22,0.0
49,23,1.0
49,24,1.0
49,25,0.0
49,26,1.0
49,27,1.0
49,28,1.0
49,29,1.0
49,30,1.0
49,31,1.0
49,32,1.0
49,33,1.0
49,34,1.0
49,35,1.0
49,36,1.0
49,37,1.0
49,38,1.0
49,39,1.0
49,40,1.0
49,41,1.0
49,42,1.0
49,43,1.0
49,44,1.0
49,45,1.0
49,46,1.0
49,47,1.0
49,48,0.0
49,49,1.0
49,50,0.0
49,51,1.0
49,52,1.0
49,53,1.0
49,54,0.0
49,55,0.0
49,56,0.0
49,57,1.0
49,58,0.0
49,59,0.0
49,60,0.0
49,61,1.0
49,62,1.0
49,63,1.0
49,64,1.0
49,65,1.0
49,66,0.0
49,67,1.0
49,68,1.0
49,69,1.0
49,70,1.0
49,71,0.0
49,72,1.0
49,73,1.0
49,74,1.0
49,75,1.0
49,76,1.0
49,77,0.0
49,78,1.0
49,79,1.0
49,80,0.0
49,81,1.0
49,82,1.0
50,0,0.0
50,1,1.0
50,2,1.0
50,3,0.0
50,4,1.0
50,5,1.0
50,6,0.0
50,7,0.0
50,8,0.0
50,9,1.0
50,10,1.0
50,11,1.0
50,12,1.0
50,13,1.0
50,14,0.0
50,15,0.0
50,16,0.0
50,17,1.0
50,18,1.0
50,19,1.0
50,20,0.0
50,21,0.0
50,22,0.0
50,23,0.0
50,24,0.0
50,25,1.0
50,26,1.0
50,27,1.0
50,28,1.0
50,29,1.0
50,30,1.0
50,31,1.0
50,32,1.0
50,33,1.0
50,34,1.0
50,35,1.0
50,36,1.0
50,37,1.0
50,38,1.0
50,39,1.0
50,40,1.0
50,41,1.0
50,42,1.0
50,43,1.0
50,44,1.0
50,45,0.0
50,46,1.0
50,47,1.0
50,48,0.0
50,49,1.0
50,50,1.0
50,51,1.0
50,52,1.0
50,53,0.0
50,54,0.0
50,55,0.0
50,56,1.0
50,57,0.0
50,58,0.0
50,59,1.0
50,60,0.0
50,61,1.0
50,62,1.0
50,63,1.0
50,64,1.0
50,65,1.0
50,66,0.0
50,67,0.0
50,68,1.0
50,69,1.0
50,70,0.0
50,71,1.0
50,72,1.0
50,73,0.0
50,74,0.0
50,75,0.0
50,76,1.0
50,77,0.0
50,78,1.0
50,79,1.0
50,80,0.0
50,81,0.0
50,82,1.0
51,0,0.0
51,1,0.0
51,2,1.0
51,3,1.0
51,4,0.0
51,5,0.0
51,6,0.0
51,7,1.0
51,8,0.0
51,9,0.0
51,10,1.0
51,11,1.0
51,12,1.0
51,13,1.0
51,14,0.0
51,15,0.0
51,16,0.0
51,17,0.0
51,18,0.0
51,19,1.0
51,20,0.0
51,21,1.0
51,22,1.0
51,23,1.0
51,24,0.0
51,25,1.0
51,26,1.0
51,27,1.0
51,28,1.0
51,29,1.0
51,30,1.0
51,31,1.0
51,32,1.0
51,33,1.0
51,34,1.0
51,35,1.0
51,36,1.0
51,37,1.0
51,38,1.0
51,39,1.0
51,40,1.0
51,41,1.0
51,42,1.0
51,43,1.0
51,44,1.0
51,45,1.0
51,46,1.0
51,47,1.0
51,48,1.0
51,49,1.0
51,50,1.0
51,51,1.0
51,52,1.0
51,53,1.0
51,54,0.0
51,55,0.0
51,56,1.0
51,57,0.0
51,58,1.0
51,59,1.0
51,60,1.0
51,61,1.0
51,62,1.0
51,63,1.0
51,64,1.0
51,65,1.0
51,66,0.0
51,67,1.0
51,68,1.0
51,69,1.0
51,70,0.0
51,71,1.0
51,72,1.0
51,73,1.0
51,74,1.0
51,75,1.0
51,76,1.0
51,77,1.0
51,78,0.0
51,79,1.0
51,80,1.0
51,81,1.0
51,82,1.0
52,0,0.0
52,1,1.0
52,2,0.0
52,3,1.0
52,4,0.0
52,5,0.0
52,6,1.0
52,7,0.0
52,8,1.0
52,9,0.0
52,10,1.0
52,11,1.0
52,12,0.0
52,13,0.0
52,14,0.0
52,15,1.0
52,16,1.0
52,17,0.0
52,18,1.0
52,19,1.0
52,20,1.0
52,21,0.0
52,22,1.0
52,23,0.0
52,24,0.0
52,25,1.0
52,26,0.0
52,27,1.0
52,28,1.0
52,29,1.0
52,30,1.0
52,31,1.0
52,32,1.0
52,33,1.0
52,34,1.0
52,35,1.0
52,36,1.0
52,37,1.0
52,38,1.0
52,39,1.0
52,40,1.0
52,41,1.0
52,42,1.0
52,43,1.0
52,44,1.0
52,45,0.0
52,46,1.0
52,47,1.0
52,48,1.0
52,49,1.0
52,50,0.0
52,51,1.0
52,52,1.0
52,53,1.0
52,54,0.0
52,55,0.0
52,56,1.0
52,57,1.0
52,58,1.0
52,59,1.0
52,60,1.0
52,61,1.0
52,62,1.0
52,63,1.0
52,64,1.0
52,65,1.0
52,66,0.0
52,67,1.0
52,68,0.0
52,69,1.0
52,70,1.0
52,71,1.0
52,72,1.0
52,73,1.0
52,74,0.0
52,75,1.0
52,76,1.0
52,77,1.0
52,78,1.0
52,79,1.0
52,80,1.0
52,81,1.0
52,82,1.0
53,0,0.0
53,1,0.0
53,2,1.0
53,3,0.0
53,4,0.0
53,5,0.0
53,6,0.0
53,7,0.0
53,8,0.0
53,9,0.0
53,10,1.0
53,11,1.0
53,12,0.0
53,13,0.0
53,14,0.0
53,15,0.0
53,16,0.0
53,17,1.0
53,18,1.0
53,19,1.0
53,20,0.0
53,21,0.0
53,22,0.0
53,23,1.0
53,24,1.0
53,25,1.0
53,26,1.0
53,27,1.0
53,28,1.0
53,29,1.0
53,30,1.0
53,31,1.0
53,32,1.0
53,33,1.0
53,34,1.0
53,35,1.0
53,36,1.0
53,37,1.0
53,38,1.0
53,39,1.0
53,40,1.0
53,41,1.0
53,42,1.0
53,43,1.0
53,44,1.0
53,45,1.0
53,46,1.0
53,47,1.0
53,48,1.0
53,49,1.0
53,50,1.0
53,51,1.0
53,52,1.0
53,53,1.0
53,54,0.0
53,55,0.0
53,56,1.0
53,57,1.0
53,58,0.0
53,59,0.0
53,60,1.0
53,61,1.0
53,62,1.0
53,63,1.0
53,64,1.0
53,65,1.0
53,66,0.0
53,67,1.0
53,68,1.0
53,69,1.0
53,70,1.0
53,71,1.0
53,72,1.0
53,73,0.0
53,74,1.0
53,75,1.0
53,76,1.0
53,77,0.0
53,78,1.0
53,79,1.0
53,80,0.0
53,81,0.0
53,82,1.0
54,0,0.0
54,1,0.0
54,2,1.0
54,3,0.0
54,4,0.0
54,5,0.0
54,6,1.0
54,7,0.0
54,8,0.0
54,9,0.0
54,10,0.0
54,11,0.0
54,12,1.0
54,13,1.0
54,14,0.0
54,15,0.0
54,16,0.0
54,17,0.0
54,18,1.0
54,19,1.0
54,20,1.0
54,21,0.0
54,22,0.0
54,23,1.0
54,24,0.0
54,25,1.0
54,26,1.0
54,27,1.0
54,28,1.0
54,29,1.0
54,30,1.0
54,31,1.0
54,32,1.0
54,33,1.0
54,34,1.0
54,35,1.0
54,36,1.0
54,37,1.0
54,38,1.0
54,39,1.0
54,40,1.0
54,41,1.0
54,42,1.0
54,43,1.0
54,44,1.0
54,45,1.0
54,46,1.0
54,47,1.0
54,48,1.0
54,49,1.0
54,50,1.0
54,51,1.0
54,52,1.0
54,53,1.0
54,54,0.0
54,55,0.0
54,56,1.0
54,57,1.0
54,58,0.0
54,59,1.0
54,60,1.0
54,61,1.0
54,62,1.0
54,63,1.0
54,64,1.0
54,65,1.0
54,66,0.0
54,67,1.0
54,68,1.0
54,69,1.0
54,70,1.0
54,71,1.0
54,72,1.0
54,73,1.0
54,74,1.0
54,75,0.0
54,76,1.0
54,77,0.0
54,78,1.0
54,79,1.0
54,80,1.0
54,81,1.0
54,82,1.0
55,0,1.0
55,1,0.0
55,2,1.0
55,3,0.0
55,4,0.0
55,5,0.0
55,6,0.0
55,7,0.0
55,8,0.0
55,9,0.0
55,10,0.0
55,11,1.0
55,12,0.0
55,13,0.0
55,14,0.0
55,15,0.0
55,16,0.0
55,17,0.0
55,18,0.0
55,19,1.0
55,20,1.0
55,21,0.0
55,22,0.0
55,23,0.0
55,24,0.0
55,25,0.0
55,26,1.0
55,27,1.0
55,28,1.0
55,29,1.0
55,30,1.0
55,31,1.0
55,32,1.0
55,33,1.0
55,34,1.0
55,35,1.0
55,36,1.0
55,37,1.0
55,38,1.0
55,39,1.0
55,40,1.0
55,41,1.0
55,42,1.0
55,43,1.0
55,44,1.0
55,45,0.0
55,46,0.0
55,47,0.0
55,48,1.0
55,49,0.0
55,50,0.0
55,51,1.0
55,52,0.0
55,53,0.0
55,54,0.0
55,55,0.0
55,56,1.0
55,57,0.0
55,58,0.0
55,59,0.0
55,60,0.0
55,61,1.0
55,62,0.0
55,63,1.0
55,64,1.0
55,65,1.0
55,66,0.0
55,67,0.0
55,68,0.0
55,69,0.0
55,70,0.0
55,71,1.0
55,72,0.0
55,73,0.0
55,74,0.0
55,75,0.0
55,76,1.0
55,77,0.0
55,78,0.0
55,79,1.0
55,80,0.0
55,81,0.0
55,82,1.0
56,0,0.0
56,1,0.0
56,2,1.0
56,3,0.0
56,4,0.0
56,5,0.0
56,6,0.0
56,7,0.0
56,8,0.0
56,9,0.0
56,10,0.0
56,11,1.0
56,12,0.0
56,13,0.0
56,14,0.0
56,15,0.0
56,16,0.0
56,17,1.0
56,18,0.0
56,19,0.0
56,20,0.0
56,21,0.0
56,22,0.0
56,23,1.0
56,24,1.0
56,25,0.0
56,26,1.0
56,27,1.0
56,28,1.0
56,29,1.0
56,30,1.0
56,31,1.0
56,32,1.0
56,33,1.0
56,34,1.0
56,35,1.0
56,36,1.0
56,37,1.0
56,38,1.0
56,39,1.0
56,40,1.0
56,41,1.0
56,42,1.0
56,43,1.0
56,44,1.0
56,45,0.0
56,46,0.0
56,47,0.0
56,48,0.0
56,49,1.0
56,50,1.0
56,51,0.0
56,52,1.0
56,53,0.0
56,54,0.0
56,55,0.0
56,56,0.0
56,57,1.0
56,58,0.0
56,59,0.0
56,60,0.0
56,61,1.0
56,62,1.0
56,63,1.0
56,64,1.0
56,65,1.0
56,66,0.0
56,67,0.0
56,68,0.0
56,69,0.0
56,70,0.0
56,71,0.0
56,72,0.0
56,73,0.0
56,74,0.0
56,75,1.0
56,76,1.0
56,77,0.0
56,78,1.0
56,79,1.0
56,80,0.0
56,81,0.0
56,82,1.0
57,0,0.0
57,1,1.0
57,2,1.0
57,3,0.0
57,4,1.0
57,5,0.0
57,6,0.0
57,7,0.0
57,8,0.0
57,9,0.0
57,10,1.0
57,11,0.0
57,12,0.0
57,13,0.0
57,14,1.0
57,15,0.0
57,16,0.0
57,17,0.0
57,18,1.0
57,19,1.0
57,20,1.0
57,21,1.0
57,22,1.0
57,23,1.0
57,24,1.0
57,25,0.0
57,26,1.0
57,27,1.0
57,28,1.0
57,29,1.0
57,30,1.0
57,31,1.0
57,32,1.0
57,33,1.0
57,34,1.0
57,35,1.0
57,36,1.0
57,37,1.0
57,38,1.0
57,39,1.0
57,40,1.0
57,41,1.0
57,42,1.0
57,43,1.0
57,44,1.0
57,45,0.0
57,46,1.0
57,47,0.0
57,48,0.0
57,49,1.0
57,50,1.0
57,51,0.0
57,52,1.0
57,53,1.0
57,54,1.0
57,55,0.0
57,56,1.0
57,57,1.0
57,58,0.0
57,59,1.0
57,60,1.0
57,61,1.0
57,62,0.0
57,63,1.0
57,64,1.0
57,65,1.0
57,66,0.0
57,67,0.0
57,68,0.0
57,69,0.0
57,70,0.0
57,71,0.0
57,72,1.0
57,73,0.0
57,74,0.0
57,75,1.0
57,76,1.0
57,77,1.0
57,78,0.0
57,79,1.0
57,80,0.0
57,81,0.0
57,82,1.0
58,0,0.0
58,1,0.0
58,2,1.0
58,3,1.0
58,4,0.0
58,5,0.0
58,6,0.0
58,7,0.0
58,8,0.0
58,9,1.0
58,10,1.0
58,11,1.0
58,12,1.0
58,13,0.0
58,14,0.0
58,15,0.0
58,16,0.0
58,17,0.0
58,18,1.0
58,19,0.0
58,20,0.0
58,21,1.0
58,22,0.0
58,23,0.0
58,24,1.0
58,25,1.0
58,26,0.0
58,27,1.0
58,28,1.0
58,29,1.0
58,30,1.0
58,31,1.0
58,32,1.0
58,33,1.0
58,34,1.0
58,35,1.0
58,36,1.0
58,37,1.0
58,38,1.0
58,39,1.0
58,40,1.0
58,41,1.0
58,42,1.0
58,43,1.0
58,44,1.0
58,45,0.0
58,46,1.0
58,47,1.0
58,48,0.0
58,49,1.0
58,50,1.0
58,51,0.0
58,52,1.0
58,53,1.0
58,54,0.0
58,55,0.0
58,56,1.0
58,57,0.0
58,58,0.0
58,59,1.0
58,60,0.0
58,61,0.0
58,62,1.0
58,63,1.0
58,64,1.0
58,65,1.0
58,66,0.0
58,67,1.0
58,68,1.0
58,69,0.0
58,70,0.0
58,71,0.0
58,72,0.0
58,73,0.0
58,74,0.0
58,75,0.0
58,76,1.0
58,77,0.0
58,78,0.0
58,79,1.0
58,80,0.0
58,81,0.0
58,82,1.0
59,0,1.0
59,1,0.0
59,2,1.0
59,3,0.0
59,4,0.0
59,5,0.0
59,6,0.0
59,7,0.0
59,8,0.0
59,9,1.0
59,10,1.0
59,11,1.0
59,12,1.0
59,13,0.0
59,14,0.0
59,15,0.0
59,16,0.0
59,17,1.0
59,18,0.0
59,19,1.0
59,20,0.0
59,21,0.0
59,22,0.0
59,23,1.0
59,24,0.0
59,25,1.0
59,26,0.0
59,27,1.0
59,28,1.0
59,29,1.0
59,30,1.0
59,31,1.0
59,32,1.0
59,33,1.0
59,34,1.0
59,35,1.0
59,36,1.0
59,37,1.0
59,38,1.0
59,39,1.0
59,40,1.0
59,41,1.0
59,42,1.0
59,43,1.0
59,44,1.0
59,45,1.0
59,46,1.0
59,47,1.0
59,48,1.0
59,49,1.0
59,50,1.0
59,51,0.0
59,52,1.0
59,53,1.0
59,54,1.0
59,55,0.0
59,56,1.0
59,57,1.0
59,58,1.0
59,59,0.0
59,60,0.0
59,61,1.0
59,62,1.0
59,63,1.0
59,64,1.0
59,65,1.0
59,66,0.0
59,67,1.0
59,68,1.0
59,69,1.0
59,70,0.0
59,71,1.0
59,72,1.0
59,73,1.0
59,74,1.0
59,75,1.0
59,76,1.0
59,77,1.0
59,78,1.0
59,79,1.0
59,80,1.0
59,81,0.0
59,82,1.0
60,0,1.0
60,1,1.0
60,2,1.0
60,3,0.0
60,4,1.0
60,5,1.0
60,6,0.0
60,7,0.0
60,8,0.0
60,9,0.0
60,10,1.0
60,11,1.0
60,12,0.0
60,13,0.0
60,14,0.0
60,15,0.0
60,16,0.0
60,17,0.0
60,18,1.0
60,19,0.0
60,20,1.0
60,21,1.0
60,22,0.0
60,23,1.0
60,24,0.0
60,25,1.0
60,26,1.0
60,27,1.0
60,28,1.0
60,29,1.0
60,30,1.0
60,31,1.0
60,32,1.0
60,33,1.0
60,34,1.0
60,35,1.0
60,36,1.0
60,37,1.0
60,38,1.0
60,39,1.0
60,40,1.0
60,41,1.0
60,42,1.0
60,43,1.0
60,44,1.0
60,45,0.0
60,46,1.0
60,47,1.0
60,48,1.0
60,49,1.0
60,50,1.0
60,51,0.0
60,52,1.0
60,53,1.0
60,54,1.0
60,55,0.0
60,56,1.0
60,57,1.0
60,58,1.0
60,59,1.0
60,60,1.0
60,61,1.0
60,62,0.0
60,63,1.0
60,64,1.0
60,65,1.0
60,66,0.0
60,67,1.0
60,68,1.0
60,69,1.0
60,70,1.0
60,71,1.0
60,72,1.0
60,73,1.0
60,74,1.0
60,75,1.0
60,76,1.0
60,77,1.0
60,78,1.0
60,79,1.0
60,80,0.0
60,81,0.0
60,82,1.0
61,0,0.0
61,1,1.0
61,2,1.0
61,3,1.0
61,4,1.0
61,5,0.0
61,6,1.0
61,7,1.0
61,8,1.0
61,9,0.0
61,10,1.0
61,11,1.0
61,12,1.0
61,13,1.0
61,14,0.0
61,15,1.0
61,16,1.0
61,17,0.0
61,18,1.0
61,19,0.0
61,20,1.0
61,21,1.0
61,22,0.0
61,23,1.0
61,24,1.0
61,25,1.0
61,26,1.0
61,27,1.0
61,28,1.0
61,29,1.0
61,30,1.0
61,31,1.0
61,32,1.0
61,33,1.0
61,34,1.0
61,35,1.0
61,36,1.0
61,37,1.0
61,38,1.0
61,39,1.0
61,40,1.0
61,41,1.0
61,42,1.0
61,43,1.0
61,44,1.0
61,45,1.0
61,46,1.0
61,47,1.0
61,48,1.0
61,49,1.0
61,50,1.0
61,51,1.0
61,52,1.0
61,53,1.0
61,54,1.0
61,55,1.0
61,56,1.0
61,57,1.0
61,58,1.0
61,59,1.0
61,60,1.0
61,61,1.0
61,62,1.0
61,63,1.0
61,64,1.0
61,65,1.0
61,66,0.0
61,67,1.0
61,68,0.0
61,69,1.0
61,70,1.0
61,71,1.0
61,72,1.0
61,73,1.0
61,74,1.0
61,75,1.0
61,76,1.0
61,77,1.0
61,78,1.0
61,79,1.0
61,80,0.0
61,81,1.0
61,82,1.0
62,0,0.0
62,1,1.0
62,2,1.0
62,3,1.0
62,4,1.0
62,5,0.0
62,6,0.0
62,7,0.0
62,8,1.0
62,9,0.0
62,10,1.0
62,11,1.0
62,12,0.0
62,13,1.0
62,14,0.0
62,15,0.0
62,16,0.0
62,17,1.0
62,18,1.0
62,19,1.0
62,20,0.0
62,21,1.0
62,22,0.0
62,23,1.0
62,24,0.0
62,25,1.0
62,26,0.0
62,27,1.0
62,28,1.0
62,29,1.0
62,30,1.0
62,31,1.0
62,32,1.0
62,33,1.0
62,34,1.0
62,35,1.0
62,36,1.0
62,37,1.0
62,38,1.0
62,39,1.0
62,40,1.0
62,41,1.0
62,42,1.0
62,43,1.0
62,44,1.0
62,45,1.0
62,46,1.0
62,47,1.0
62,48,1.0
62,49,1.0
62,50,0.0
62,51,1.0
62,52,1.0
62,53,1.0
62,54,0.0
62,55,1.0
62,56,1.0
62,57,1.0
62,58,0.0
62,59,1.0
62,60,0.0
62,61,0.0
62,62,1.0
62,63,1.0
62,64,1.0
62,65,1.0
62,66,0.0
62,67,1.0
62,68,1.0
62,69,1.0
62,70,0.0
62,71,0.0
62,72,1.0
62,73,1.0
62,74,1.0
62,75,1.0
62,76,1.0
62,77,1.0
62,78,0.0
62,79,1.0
62,80,0.0
62,81,1.0
62,82,1.0
63,0,0.0
63,1,0.0
63,2,0.0
63,3,0.0
63,4,0.0
63,5,0.0
63,6,0.0
63,7,0.0
63,8,0.0
63,9,0.0
63,10,1.0
63,11,1.0
63,12,1.0
63,13,0.0
63,14,0.0
63,15,0.0
63,16,0.0
63,17,1.0
63,18,1.0
63,19,1.0
63,20,0.0
63,21,1.0
63,22,0.0
63,23,1.0
63,24,0.0
63,25,0.0
63,26,1.0
63,27,1.0
63,28,1.0
63,29,1.0
63,30,1.0
63,31,1.0
63,32,1.0
63,33,1.0
63,34,1.0
63,35,1.0
63,36,1.0
63,37,1.0
63,38,1.0
63,39,1.0
63,40,1.0
63,41,1.0
63,42,1.0
63,43,1.0
63,44,1.0
63,45,1.0
63,46,1.0
63,47,1.0
63,48,0.0
63,49,1.0
63,50,1.0
63,51,1.0
63,52,1.0
63,53,1.0
63,54,0.0
63,55,0.0
63,56,1.0
63,57,0.0
63,58,0.0
63,59,1.0
63,60,1.0
63,61,1.0
63,62,1.0
63,63,1.0
63,64,1.0
63,65,1.0
63,66,0.0
63,67,1.0
63,68,0.0
63,69,1.0
63,70,1.0
63,71,1.0
63,72,1.0
63,73,1.0
63,74,1.0
63,75,1.0
63,76,1.0
63,77,1.0
63,78,1.0
63,79,1.0
63,80,1.0
63,81,1.0
63,82,1.0
64,0,0.0
64,1,0.0
64,2,1.0
64,3,0.0
64,4,0.0
64,5,0.0
64,6,0.0
64,7,0.0
64,8,0.0
64,9,1.0
64,10,0.0
64,11,1.0
64,12,0.0
64,13,0.0
64,14,0.0
64,15,0.0
64,16,0.0
64,17,0.0
64,18,1.0
64,19,0.0
64,20,1.0
64,21,0.0
64,22,0.0
64,23,1.0
64,24,1.0
64,25,0.0
64,26,1.0
64,27,1.0
64,28,1.0
64,29,1.0
64,30,1.0
64,31,1.0
64,32,1.0
64,33,0.0
64,34,1.0
64,35,1.0
64,36,1.0
64,37,1.0
64,38,1.0
64,39,1.0
64,40,1.0
64,41,1.0
64,42,1.0
64,43,1.0
64,44,1.0
64,45,1.0
64,46,1.0
64,47,0.0
64,48,1.0
64,49,1.0
64,50,0.0
64,51,0.0
64,52,0.0
64,53,1.0
64,54,0.0
64,55,0.0
64,56,1.0
64,57,0.0
64,58,1.0
64,59,1.0
64,60,1.0
64,61,0.0
64,62,1.0
64,63,1.0
64,64,1.0
64,65,1.0
64,66,0.0
64,67,1.0
64,68,1.0
64,69,0.0
64,70,0.0
64,71,0.0
64,72,0.0
64,73,1.0
64,74,0.0
64,75,0.0
64,76,1.0
64,77,1.0
64,78,1.0
64,79,1.0
64,80,0.0
64,81,0.0
64,82,1.0
65,0,0.0
65,1,1.0
65,2,1.0
65,3,1.0
65,4,1.0
65,5,1.0
65,6,1.0
65,7,1.0
65,8,1.0
65,9,1.0
65,10,1.0
65,11,1.0
65,12,1.0
65,13,1.0
65,14,0.0
65,15,0.0
65,16,0.0
65,17,0.0
65,18,1.0
65,19,1.0
65,20,1.0
65,21,1.0
65,22,0.0
65,23,1.0
65,24,0.0
65,25,1.0
65,26,0.0
65,27,1.0
65,28,1.0
65,29,1.0
65,30,1.0
65,31,1.0
65,32,1.0
65,33,1.0
65,34,1.0
65,35,1.0
65,36,1.0
65,37,1.0
65,38,1.0
65,39,1.0
65,40,1.0
65,41,1.0
65,42,1.0
65,43,1.0
65,44,1.0
65,45,0.0
65,46,1.0
65,47,1.0
65,48,1.0
65,49,1.0
65,50,1.0
65,51,1.0
65,52,1.0
65,53,1.0
65,54,0.0
65,55,0.0
65,56,1.0
65,57,1.0
65,58,1.0
65,59,1.0
65,60,1.0
65,61,1.0
65,62,1.0
65,63,1.0
65,64,1.0
65,65,1.0
65,66,0.0
65,67,1.0
65,68,1.0
65,69,1.0
65,70,1.0
65,71,1.0
65,72,1.0
65,73,1.0
65,74,1.0
65,75,1.0
65,76,1.0
65,77,0.0
65,78,1.0
65,79,1.0
65,80,1.0
65,81,1.0
65,82,1.0
66,0,0.0
66,1,1.0
66,2,0.0
66,3,0.0
66,4,1.0
66,5,0.0
66,6,0.0
66,7,0.0
66,8,0.0
66,9,0.0
66,10,1.0
66,11,1.0
66,12,0.0
66,13,1.0
66,14,0.0
66,15,0.0
66,16,0.0
66,17,0.0
66,18,1.0
66,19,1.0
66,20,1.0
66,21,1.0
66,22,0.0
66,23,1.0
66,24,0.0
66,25,1.0
66,26,1.0
66,27,1.0
66,28,1.0
66,29,1.0
66,30,1.0
66,31,1.0
66,32,1.0
66,33,1.0
66,34,1.0
66,35,1.0
66,36,1.0
66,37,1.0
66,38,1.0
66,39,1.0
66,40,1.0
66,41,1.0
66,42,1.0
66,43,1.0
66,44,1.0
66,45,0.0
66,46,1.0
66,47,0.0
66,48,1.0
66,49,1.0
66,50,1.0
66,51,1.0
66,52,1.0
66,53,1.0
66,54,0.0
66,55,1.0
66,56,0.0
66,57,1.0
66,58,1.0
66,59,0.0
66,60,1.0
66,61,1.0
66,62,0.0
66,63,1.0
66,64,1.0
66,65,1.0
66,66,1.0
66,67,1.0
66,68,1.0
66,69,1.0
66,70,1.0
66,71,1.0
66,72,1.0
66,73,1.0
66,74,0.0
66,75,1.0
66,76,1.0
66,77,0.0
66,78,1.0
66,79,0.0
66,80,1.0
66,81,0.0
66,82,1.0
67,0,1.0
67,1,1.0
67,2,1.0
67,3,0.0
67,4,1.0
67,5,1.0
67,6,1.0
67,7,0.0
67,8,0.0
67,9,1.0
67,10,0.0
67,11,1.0
67,12,1.0
67,13,1.0
67,14,0.0
67,15,0.0
67,16,1.0
67,17,1.0
67,18,1.0
67,19,1.0
67,20,1.0
67,21,0.0
67,22,1.0
67,23,1.0
67,24,1.0
67,25,1.0
67,26,1.0
67,27,1.0
67,28,1.0
67,29,1.0
67,30,1.0
67,31,1.0
67,32,1.0
67,33,1.0
67,34,1.0
67,35,1.0
67,36,1.0
67,37,1.0
67,38,1.0
67,39,1.0
67,40,1.0
67,41,1.0
67,42,1.0
67,43,1.0
67,44,1.0
67,45,1.0
67,46,1.0
67,47,1.0
67,48,1.0
67,49,1.0
67,50,1.0
67,51,1.0
67,52,1.0
67,53,1.0
67,54,1.0
67,55,0.0
67,56,0.0
67,57,1.0
67,58,1.0
67,59,1.0
67,60,0.0
67,61,1.0
67,62,1.0
67,63,1.0
67,64,1.0
67,65,1.0
67,66,1.0
67,67,1.0
67,68,0.0
67,69,1.0
67,70,0.0
67,71,0.0
67,72,1.0
67,73,1.0
67,74,1.0
67,75,1.0
67,76,1.0
67,77,0.0
67,78,1.0
67,79,1.0
67,80,1.0
67,81,1.0
67,82,1.0
68,0,0.0
68,1,1.0
68,2,0.0
68,3,0.0
68,4,1.0
68,5,0.0
68,6,0.0
68,7,0.0
68,8,0.0
68,9,0.0
68,10,1.0
68,11,0.0
68,12,0.0
68,13,0.0
68,14,0.0
68,15,0.0
68,16,0.0
68,17,0.0
68,18,0.0
68,19,1.0
68,20,0.0
68,21,0.0
68,22,0.0
68,23,1.0
68,24,0.0
68,25,0.0
68,26,1.0
68,27,1.0
68,28,1.0
68,29,1.0
68,30,1.0
68,31,1.0
68,32,1.0
68,33,1.0
68,34,1.0
68,35,1.0
68,36,1.0
68,37,1.0
68,38,1.0
68,39,1.0
68,40,1.0
68,41,1.0
68,42,1.0
68,43,1.0
68,44,1.0
68,45,1.0
68,46,1.0
68,47,1.0
68,48,1.0
68,49,1.0
68,50,0.0
68,51,0.0
68,52,1.0
68,53,0.0
68,54,0.0
68,55,0.0
68,56,1.0
68,57,0.0
68,58,0.0
68,59,0.0
68,60,0.0
68,61,1.0
68,62,0.0
68,63,1.0
68,64,1.0
68,65,1.0
68,66,0.0
68,67,0.0
68,68,1.0
68,69,1.0
68,70,0.0
68,71,1.0
68,72,0.0
68,73,1.0
68,74,1.0
68,75,1.0
68,76,1.0
68,77,1.0
68,78,0.0
68,79,1.0
68,80,1.0
68,81,0.0
68,82,1.0
69,0,0.0
69,1,1.0
69,2,1.0
69,3,1.0
69,4,1.0
69,5,1.0
69,6,0.0
69,7,0.0
69,8,1.0
69,9,1.0
69,10,1.0
69,11,1.0
69,12,0.0
69,13,0.0
69,14,1.0
69,15,0.0
69,16,0.0
69,17,0.0
69,18,1.0
69,19,1.0
69,20,1.0
69,21,1.0
69,22,1.0
69,23,1.0
69,24,1.0
69,25,0.0
69,26,1.0
69,27,1.0
69,28,1.0
69,29,1.0
69,30,1.0
69,31,1.0
69,32,1.0
69,33,1.0
69,34,1.0
69,35,1.0
69,36,1.0
69,37,1.0
69,38,1.0
69,39,1.0
69,40,1.0
69,41,1.0
69,42,1.0
69,43,1.0
69,44,1.0
69,45,1.0
69,46,0.0
69,47,0.0
69,48,0.0
69,49,1.0
69,50,0.0
69,51,0.0
69,52,1.0
69,53,1.0
69,54,1.0
69,55,0.0
69,56,1.0
69,57,1.0
69,58,1.0
69,59,1.0
69,60,0.0
69,61,1.0
69,62,1.0
69,63,1.0
69,64,1.0
69,65,1.0
69,66,0.0
69,67,1.0
69,68,0.0
69,69,1.0
69,70,1.0
69,71,1.0
69,72,0.0
69,73,1.0
69,74,1.0
69,75,1.0
69,76,1.0
69,77,0.0
69,78,0.0
69,79,1.0
69,80,0.0
69,81,1.0
69,82,1.0
70,0,0.0
70,1,1.0
70,2,1.0
70,3,0.0
70,4,1.0
70,5,0.0
70,6,0.0
70,7,0.0
70,8,1.0
70,9,1.0
70,10,1.0
70,11,1.0
70,12,0.0
70,13,1.0
70,14,1.0
70,15,0.0
70,16,0.0
70,17,0.0
70,18,0.0
70,19,1.0
70,20,1.0
70,21,1.0
70,22,1.0
70,23,0.0
70,24,0.0
70,25,0.0
70,26,1.0
70,27,1.0
70,28,1.0
70,29,1.0
70,30,1.0
70,31,1.0
70,32,1.0
70,33,1.0
70,34,1.0
70,35,1.0
70,36,1.0
70,37,1.0
70,38,1.0
70,39,1.0
70,40,1.0
70,41,1.0
70,42,1.0
70,43,1.0
70,44,1.0
70,45,0.0
70,46,1.0
70,47,1.0
70,48,0.0
70,49,1.0
70,50,1.0
70,51,1.0
70,52,1.0
70,53,1.0
70,54,0.0
70,55,0.0
70,56,1.0
70,57,1.0
70,58,0.0
70,59,1.0
70,60,0.0
70,61,1.0
70,62,1.0
70,63,1.0
70,64,1.0
70,65,1.0
70,66,0.0
70,67,0.0
70,68,1.0
70,69,0.0
70,70,0.0
70,71,1.0
70,72,0.0
70,73,1.0
70,74,1.0
70,75,1.0
70,76,1.0
70,77,1.0
70,78,0.0
70,79,1.0
70,80,0.0
70,81,0.0
70,82,1.0
71,0,0.0
71,1,0.0
71,2,1.0
71,3,0.0
71,4,0.0
71,5,0.0
71,6,1.0
71,7,0.0
71,8,1.0
71,9,0.0
71,10,1.0
71,11,1.0
71,12,0.0
71,13,1.0
71,14,1.0
71,15,0.0
71,16,1.0
71,17,0.0
71,18,1.0
71,19,1.0
71,20,1.0
71,21,0.0
71,22,1.0
71,23,1.0
71,24,1.0
71,25,1.0
71,26,1.0
71,27,1.0
71,28,1.0
71,29,1.0
71,30,1.0
71,31,1.0
71,32,1.0
71,33,1.0
71,34,1.0
71,35,1.0
71,36,1.0
71,37,1.0
71,38,1.0
71,39,1.0
71,40,1.0
71,41,1.0
71,42,1.0
71,43,1.0
71,44,1.0
71,45,1.0
71,46,1.0
71,47,1.0
71,48,0.0
71,49,1.0
71,50,0.0
71,51,1.0
71,52,1.0
71,53,1.0
71,54,0.0
71,55,1.0
71,56,0.0
71,57,1.0
71,58,1.0
71,59,1.0
71,60,0.0
71,61,1.0
71,62,1.0
71,63,1.0
71,64,1.0
71,65,1.0
71,66,0.0
71,67,1.0
71,68,1.0
71,69,1.0
71,70,0.0
71,71,0.0
71,72,1.0
71,73,0.0
71,74,1.0
71,75,1.0
71,76,1.0
71,77,1.0
71,78,1.0
71,79,1.0
71,80,0.0
71,81,1.0
71,82,1.0
72,0,0.0
72,1,0.0
72,2,0.0
72,3,0.0
72,4,1.0
72,5,0.0
72,6,0.0
72,7,0.0
72,8,0.0
72,9,0.0
72,10,0.0
72,11,1.0
72,12,0.0
72,13,0.0
72,14,1.0
72,15,0.0
72,16,1.0
72,17,1.0
72,18,0.0
72,19,1.0
72,20,1.0
72,21,0.0
72,22,0.0
72,23,1.0
72,24,1.0
72,25,0.0
72,26,1.0
72,27,1.0
72,28,1.0
72,29,1.0
72,30,1.0
72,31,1.0
72,32,1.0
72,33,1.0
72,34,1.0
72,35,1.0
72,36,1.0
72,37,1.0
72,38,1.0
72,39,1.0
72,40,1.0
72,41,1.0
72,42,1.0
72,43,1.0
72,44,1.0
72,45,1.0
72,46,1.0
72,47,1.0
72,48,1.0
72,49,1.0
72,50,1.0
72,51,1.0
72,52,1.0
72,53,1.0
72,54,0.0
72,55,0.0
72,56,1.0
72,57,0.0
72,58,1.0
72,59,1.0
72,60,1.0
72,61,1.0
72,62,1.0
72,63,1.0
72,64,1.0
72,65,1.0
72,66,0.0
72,67,1.0
72,68,1.0
72,69,1.0
72,70,1.0
72,71,0.0
72,72,0.0
72,73,1.0
72,74,1.0
72,75,0.0
72,76,1.0
72,77,1.0
72,78,1.0
72,79,1.0
72,80,1.0
72,81,1.0
72,82,1.0
73,0,0.0
73,1,1.0
73,2,1.0
73,3,1.0
73,4,1.0
73,5,0.0
73,6,0.0
73,7,0.0
73,8,0.0
73,9,0.0
73,10,1.0
73,11,1.0
73,12,0.0
73,13,0.0
73,14,0.0
73,15,0.0
73,16,0.0
73,17,1.0
73,18,1.0
73,19,1.0
73,20,0.0
73,21,0.0
73,22,0.0
73,23,0.0
73,24,1.0
73,25,1.0
73,26,1.0
73,27,1.0
73,28,1.0
73,29,1.0
73,30,1.0
73,31,1.0
73,32,1.0
73,33,1.0
73,34,1.0
73,35,1.0
73,36,1.0
73,37,1.0
73,38,1.0
73,39,1.0
73,40,1.0
73,41,1.0
73,42,1.0
73,43,1.0
73,44,1.0
73,45,0.0
73,46,1.0
73,47,1.0
73,48,1.0
73,49,1.0
73,50,1.0
73,51,1.0
73,52,1.0
73,53,1.0
73,54,1.0
73,55,0.0
73,56,1.0
73,57,1.0
73,58,1.0
73,59,1.0
73,60,0.0
73,61,1.0
73,62,1.0
73,63,1.0
73,64,1.0
73,65,1.0
73,66,0.0
73,67,1.0
73,68,1.0
73,69,1.0
73,70,1.0
73,71,1.0
73,72,1.0
73,73,1.0
73,74,1.0
73,75,1.0
73,76,1.0
73,77,1.0
73,78,1.0
73,79,1.0
73,80,0.0
73,81,1.0
73,82,1.0
74,0,0.0
74,1,0.0
74,2,1.0
74,3,0.0
74,4,0.0
74,5,0.0
74,6,0.0
74,7,0.0
74,8,0.0
74,9,0.0
74,10,0.0
74,11,1.0
74,12,1.0
74,13,0.0
74,14,0.0
74,15,0.0
74,16,0.0
74,17,0.0
74,18,1.0
74,19,1.0
74,20,1.0
74,21,1.0
74,22,0.0
74,23,0.0
74,24,0.0
74,25,1.0
74,26,1.0
74,27,1.0
74,28,1.0
74,29,1.0
74,30,1.0
74,31,1.0
74,32,1.0
74,33,1.0
74,34,1.0
74,35,1.0
74,36,1.0
74,37,1.0
74,38,1.0
74,39,1.0
74,40,1.0
74,41,1.0
74,42,1.0
74,43,1.0
74,44,1.0
74,45,1.0
74,46,0.0
74,47,1.0
74,48,0.0
74,49,0.0
74,50,1.0
74,51,1.0
74,52,1.0
74,53,1.0
74,54,0.0
74,55,0.0
74,56,1.0
74,57,0.0
74,58,0.0
74,59,0.0
74,60,0.0
74,61,1.0
74,62,0.0
74,63,1.0
74,64,0.0
74,65,1.0
74,66,0.0
74,67,0.0
74,68,1.0
74,69,1.0
74,70,0.0
74,71,1.0
74,72,0.0
74,73,1.0
74,74,0.0
74,75,0.0
74,76,1.0
74,77,0.0
74,78,0.0
74,79,1.0
74,80,0.0
74,81,0.0
74,82,1.0
75,0,0.0
75,1,0.0
75,2,1.0
75,3,1.0
75,4,1.0
75,5,0.0
75,6,1.0
75,7,1.0
75,8,0.0
75,9,0.0
75,10,1.0
75,11,1.0
75,12,0.0
75,13,1.0
75,14,0.0
75,15,1.0
75,16,1.0
75,17,1.0
75,18,1.0
75,19,1.0
75,20,1.0
75,21,1.0
75,22,0.0
75,23,1.0
75,24,1.0
75,25,1.0
75,26,1.0
75,27,1.0
75,28,1.0
75,29,1.0
75,30,1.0
75,31,1.0
75,32,1.0
75,33,1.0
75,34,1.0
75,35,1.0
75,36,1.0
75,37,1.0
75,38,1.0
75,39,1.0
75,40,1.0
75,41,1.0
75,42,1.0
75,43,1.0
75,44,1.0
75,45,1.0
75,46,1.0
75,47,0.0
75,48,1.0
75,49,1.0
75,50,0.0
75,51,1.0
75,52,1.0
75,53,1.0
75,54,1.0
75,55,0.0
75,56,1.0
75,57,1.0
75,58,1.0
75,59,1.0
75,60,1.0
75,61,0.0
75,62,1.0
75,63,1.0
75,64,1.0
75,65,1.0
75,66,0.0
75,67,1.0
75,68,1.0
75,69,1.0
75,70,1.0
75,71,1.0
75,72,1.0
75,73,1.0
75,74,1.0
75,75,1.0
75,76,1.0
75,77,1.0
75,78,1.0
75,79,1.0
75,80,1.0
75,81,1.0
75,82,1.0
76,0,0.0
76,1,1.0
76,2,1.0
76,3,0.0
76,4,1.0
76,5,0.0
76,6,0.0
76,7,0.0
76,8,0.0
76,9,0.0
76,10,1.0
76,11,1.0
76,12,0.0
76,13,1.0
76,14,0.0
76,15,0.0
76,16,0.0
76,17,1.0
76,18,0.0
76,19,1.0
76,20,1.0
76,21,1.0
76,22,0.0
76,23,1.0
76,24,0.0
76,25,1.0
76,26,1.0
76,27,1.0
76,28,1.0
76,29,1.0
76,30,1.0
76,31,1.0
76,32,1.0
76,33,1.0
76,34,1.0
76,35,1.0
76,36,1.0
76,37,1.0
76,38,1.0
76,39,1.0
76,40,1.0
76,41,1.0
76,42,1.0
76,43,1.0
76,44,1.0
76,45,0.0
76,46,1.0
76,47,1.0
76,48,1.0
76,49,1.0
76,50,1.0
76,51,1.0
76,52,1.0
76,53,1.0
76,54,0.0
76,55,0.0
76,56,1.0
76,57,0.0
76,58,0.0
76,59,1.0
76,60,0.0
76,61,1.0
76,62,0.0
76,63,1.0
76,64,1.0
76,65,1.0
76,66,0.0
76,67,1.0
76,68,1.0
76,69,1.0
76,70,0.0
76,71,1.0
76,72,0.0
76,73,1.0
76,74,0.0
76,75,1.0
76,76,1.0
76,77,1.0
76,78,0.0
76,79,1.0
76,80,1.0
76,81,1.0
76,82,1.0
77,0,0.0
77,1,0.0
77,2,1.0
77,3,1.0
77,4,1.0
77,5,0.0
77,6,0.0
77,7,0.0
77,8,0.0
77,9,0.0
77,10,0.0
77,11,1.0
77,12,0.0
77,13,1.0
77,14,0.0
77,15,0.0
77,16,0.0
77,17,1.0
77,18,1.0
77,19,1.0
77,20,1.0
77,21,1.0
77,22,0.0
77,23,1.0
77,24,1.0
77,25,0.0
77,26,1.0
77,27,1.0
77,28,1.0
77,29,1.0
77,30,1.0
77,31,1.0
77,32,1.0
77,33,1.0
77,34,1.0
77,35,1.0
77,36,1.0
77,37,1.0
77,38,1.0
77,39,1.0
77,40,1.0
77,41,1.0
77,42,1.0
77,43,1.0
77,44,1.0
77,45,0.0
77,46,1.0
77,47,1.0
77,48,0.0
77,49,1.0
77,50,0.0
77,51,1.0
77,52,1.0
77,53,1.0
77,54,0.0
77,55,0.0
77,56,1.0
77,57,1.0
77,58,1.0
77,59,1.0
77,60,0.0
77,61,1.0
77,62,1.0
77,63,1.0
77,64,1.0
77,65,1.0
77,66,1.0
77,67,1.0
77,68,1.0
77,69,1.0
77,70,0.0
77,71,1.0
77,72,1.0
77,73,1.0
77,74,1.0
77,75,1.0
77,76,1.0
77,77,1.0
77,78,0.0
77,79,1.0
77,80,1.0
77,81,1.0
77,82,1.0
78,0,0.0
78,1,1.0
78,2,1.0
78,3,0.0
78,4,0.0
78,5,0.0
78,6,0.0
78,7,0.0
78,8,0.0
78,9,0.0
78,10,1.0
78,11,0.0
78,12,0.0
78,13,0.0
78,14,0.0
78,15,0.0
78,16,0.0
78,17,1.0
78,18,1.0
78,19,0.0
78,20,1.0
78,21,0.0
78,22,0.0
78,23,1.0
78,24,0.0
78,25,0.0
78,26,1.0
78,27,1.0
78,28,1.0
78,29,1.0
78,30,1.0
78,31,1.0
78,32,1.0
78,33,1.0
78,34,1.0
78,35,1.0
78,36,1.0
78,37,1.0
78,38,1.0
78,39,1.0
78,40,1.0
78,41,1.0
78,42,1.0
78,43,1.0
78,44,1.0
78,45,0.0
78,46,1.0
78,47,1.0
78,48,1.0
78,49,1.0
78,50,0.0
78,51,1.0
78,52,1.0
78,53,1.0
78,54,1.0
78,55,0.0
78,56,1.0
78,57,1.0
78,58,1.0
78,59,1.0
78,60,0.0
78,61,1.0
78,62,1.0
78,63,1.0
78,64,1.0
78,65,1.0
78,66,0.0
78,67,1.0
78,68,1.0
78,69,0.0
78,70,1.0
78,71,0.0
78,72,0.0
78,73,1.0
78,74,0.0
78,75,1.0
78,76,1.0
78,77,1.0
78,78,1.0
78,79,1.0
78,80,0.0
78,81,1.0
78,82,1.0
79,0,0.0
79,1,1.0
79,2,1.0
79,3,1.0
79,4,1.0
79,5,1.0
79,6,1.0
79,7,1.0
79,8,0.0
79,9,1.0
79,10,1.0
79,11,1.0
79,12,0.0
79,13,1.0
79,14,1.0
79,15,0.0
79,16,0.0
79,17,1.0
79,18,1.0
79,19,1.0
79,20,1.0
79,21,0.0
79,22,0.0
79,23,1.0
79,24,1.0
79,25,1.0
79,26,1.0
79,27,1.0
79,28,1.0
79,29,1.0
79,30,1.0
79,31,1.0
79,32,1.0
79,33,1.0
79,34,1.0
79,35,1.0
79,36,1.0
79,37,1.0
79,38,1.0
79,39,1.0
79,40,1.0
79,41,1.0
79,42,1.0
79,43,1.0
79,44,1.0
79,45,0.0
79,46,1.0
79,47,1.0
79,48,0.0
79,49,1.0
79,50,1.0
79,51,0.0
79,52,1.0
79,53,1.0
79,54,0.0
79,55,1.0
79,56,1.0
79,57,0.0
79,58,0.0
79,59,1.0
79,60,0.0
79,61,1.0
79,62,1.0
79,63,1.0
79,64,1.0
79,65,1.0
79,66,0.0
79,67,0.0
79,68,0.0
79,69,1.0
79,70,0.0
79,71,0.0
79,72,0.0
79,73,0.0
79,74,1.0
79,75,0.0
79,76,1.0
79,77,1.0
79,78,0.0
79,79,0.0
79,80,0.0
79,81,0.0
79,82,1.0
80,0,0.0
80,1,1.0
80,2,1.0
80,3,0.0
80,4,0.0
80,5,1.0
80,6,1.0
80,7,0.0
80,8,0.0
80,9,1.0
80,10,0.0
80,11,1.0
80,12,0.0
80,13,1.0
80,14,0.0
80,15,0.0
80,16,0.0
80,17,0.0
80,18,0.0
80,19,0.0
80,20,0.0
80,21,0.0
80,22,0.0
80,23,0.0
80,24,1.0
80,25,0.0
80,26,1.0
80,27,1.0
80,28,1.0
80,29,1.0
80,30,1.0
80,31,1.0
80,32,1.0
80,33,1.0
80,34,1.0
80,35,1.0
80,36,1.0
80,37,1.0
80,38,1.0
80,39,1.0
80,40,1.0
80,41,1.0
80,42,1.0
80,43,1.0
80,44,1.0
80,45,0.0
80,46,1.0
80,47,0.0
80,48,0.0
80,49,1.0
80,50,1.0
80,51,1.0
80,52,0.0
80,53,0.0
80,54,0.0
80,55,0.0
80,56,1.0
80,57,1.0
80,58,1.0
80,59,1.0
80,60,0.0
80,61,1.0
80,62,1.0
80,63,1.0
80,64,1.0
80,65,1.0
80,66,0.0
80,67,1.0
80,68,1.0
80,69,1.0
80,70,1.0
80,71,0.0
80,72,0.0
80,73,1.0
80,74,0.0
80,75,0.0
80,76,1.0
80,77,0.0
80,78,1.0
80,79,1.0
80,80,0.0
80,81,1.0
80,82,1.0
81,0,0.0
81,1,0.0
81,2,0.0
81,3,1.0
81,4,0.0
81,5,0.0
81,6,0.0
81,7,0.0
81,8,0.0
81,9,0.0
81,10,0.0
81,11,1.0
81,12,1.0
81,13,1.0
81,14,0.0
81,15,0.0
81,16,1.0
81,17,0.0
81,18,0.0
81,19,1.0
81,20,1.0
81,21,1.0
81,22,0.0
81,23,0.0
81,24,0.0
81,25,0.0
81,26,1.0
81,27,1.0
81,28,1.0
81,29,1.0
81,30,1.0
81,31,1.0
81,32,1.0
81,33,1.0
81,34,1.0
81,35,1.0
81,36,1.0
81,37,1.0
81,38,1.0
81,39,1.0
81,40,1.0
81,41,1.0
81,42,1.0
81,43,1.0
81,44,1.0
81,45,0.0
81,46,1.0
81,47,1.0
81,48,0.0
81,49,1.0
81,50,0.0
81,51,1.0
81,52,1.0
81,53,1.0
81,54,1.0
81,55,0.0
81,56,1.0
81,57,1.0
81,58,0.0
81,59,1.0
81,60,0.0
81,61,1.0
81,62,1.0
81,63,1.0
81,64,1.0
81,65,1.0
81,66,0.0
81,67,0.0
81,68,1.0
81,69,1.0
81,70,0.0
81,71,0.0
81,72,0.0
81,73,1.0
81,74,1.0
81,75,0.0
81,76,1.0
81,77,1.0
81,78,1.0
81,79,1.0
81,80,0.0
81,81,1.0
81,82,1.0
82,0,0.0
82,1,0.0
82,2,0.0
82,3,0.0
82,4,1.0
82,5,0.0
82,6,0.0
82,7,0.0
82,8,0.0
82,9,0.0
82,10,0.0
82,11,1.0
82,12,0.0
82,13,0.0
82,14,0.0
82,15,0.0
82,16,0.0
82,17,0.0
82,18,1.0
82,19,0.0
82,20,0.0
82,21,1.0
82,22,0.0
82,23,0.0
82,24,1.0
82,25,0.0
82,26,1.0
82,27,1.0
82,28,1.0
82,29,1.0
82,30,1.0
82,31,1.0
82,32,1.0
82,33,1.0
82,34,1.0
82,35,1.0
82,36,1.0
82,37,1.0
82,38,1.0
82,39,1.0
82,40,1.0
82,41,1.0
82,42,1.0
82,43,1.0
82,44,1.0
82,45,0.0
82,46,0.0
82,47,1.0
82,48,0.0
82,49,0.0
82,50,1.0
82,51,0.0
82,52,0.0
82,53,1.0
82,54,0.0
82,55,0.0
82,56,0.0
82,57,1.0
82,58,0.0
82,59,1.0
82,60,0.0
82,61,1.0
82,62,0.0
82,63,0.0
82,64,1.0
82,65,1.0
82,66,0.0
82,67,0.0
82,68,0.0
82,69,0.0
82,70,0.0
82,71,1.0
82,72,0.0
82,73,1.0
82,74,0.0
82,75,0.0
82,76,1.0
82,77,0.0
82,78,0.0
82,79,1.0
82,80,0.0
82,81,0.0
82,82,1.0
83,0,0.0
83,1,1.0
83,2,1.0
83,3,0.0
83,4,1.0
83,5,0.0
83,6,0.0
83,7,0.0
83,8,0.0
83,9,0.0
83,10,1.0
83,11,1.0
83,12,1.0
83,13,1.0
83,14,0.0
83,15,0.0
83,16,0.0
83,17,0.0
83,18,1.0
83,19,1.0
83,20,1.0
83,21,1.0
83,22,0.0
83,23,1.0
83,24,0.0
83,25,0.0
83,26,1.0
83,27,1.0
83,28,1.0
83,29,1.0
83,30,1.0
83,31,1.0
83,32,1.0
83,33,1.0
83,34,1.0
83,35,1.0
83,36,1.0
83,37,1.0
83,38,1.0
83,39,1.0
83,40,1.0
83,41,1.0
83,42,1.0
83,43,1.0
83,44,1.0
83,45,1.0
83,46,1.0
83,47,0.0
83,48,1.0
83,49,1.0
83,50,1.0
83,51,1.0
83,52,1.0
83,53,1.0
83,54,0.0
83,55,0.0
83,56,1.0
83,57,0.0
83,58,1.0
83,59,1.0
83,60,1.0
83,61,1.0
83,62,1.0
83,63,1.0
83,64,1.0
83,65,1.0
83,66,0.0
83,67,1.0
83,68,1.0
83,69,1.0
83,70,1.0
83,71,1.0
83,72,1.0
83,73,1.0
83,74,1.0
83,75,1.0
83,76,1.0
83,77,1.0
83,78,1.0
83,79,1.0
83,80,0.0
83,81,1.0
83,82,1.0
84,0,0.0
84,1,0.0
84,2,1.0
84,3,1.0
84,4,1.0
84,5,0.0
84,6,0.0
84,7,0.0
84,8,0.0
84,9,1.0
84,10,0.0
84,11,1.0
84,12,0.0
84,13,0.0
84,14,0.0
84,15,0.0
84,16,1.0
84,17,0.0
84,18,1.0
84,19,1.0
84,20,1.0
84,21,1.0
84,22,1.0
84,23,1.0
84,24,1.0
84,25,1.0
84,26,1.0
84,27,1.0
84,28,1.0
84,29,1.0
84,30,1.0
84,31,1.0
84,32,1.0
84,33,1.0
84,34,1.0
84,35,1.0
84,36,1.0
84,37,1.0
84,38,1.0
84,39,1.0
84,40,1.0
84,41,1.0
84,42,1.0
84,43,1.0
84,44,1.0
84,45,1.0
84,46,1.0
84,47,1.0
84,48,0.0
84,49,1.0
84,50,1.0
84,51,0.0
84,52,0.0
84,53,1.0
84,54,0.0
84,55,0.0
84,56,1.0
84,57,1.0
84,58,1.0
84,59,1.0
84,60,0.0
84,61,1.0
84,62,1.0
84,63,1.0
84,64,1.0
84,65,1.0
84,66,0.0
84,67,1.0
84,68,1.0
84,69,1.0
84,70,1.0
84,71,1.0
84,72,1.0
84,73,1.0
84,74,1.0
84,75,1.0
84,76,1.0
84,77,1.0
84,78,1.0
84,79,1.0
84,80,1.0
84,81,1.0
84,82,1.0
85,0,0.0
85,1,1.0
85,2,1.0
85,3,0.0
85,4,1.0
85,5,0.0
85,6,0.0
85,7,1.0
85,8,0.0
85,9,0.0
85,10,0.0
85,11,0.0
85,12,0.0
85,13,0.0
85,14,0.0
85,15,0.0
85,16,0.0
85,17,0.0
85,18,1.0
85,19,0.0
85,20,0.0
85,21,1.0
85,22,0.0
85,23,0.0
85,24,0.0
85,25,0.0
85,26,1.0
85,27,1.0
85,28,1.0
85,29,1.0
85,30,1.0
85,31,1.0
85,32,1.0
85,33,1.0
85,34,1.0
85,35,1.0
85,36,1.0
85,37,1.0
85,38,1.0
85,39,1.0
85,40,1.0
85,41,1.0
85,42,1.0
85,43,1.0
85,44,1.0
85,45,0.0
85,46,1.0
85,47,0.0
85,48,0.0
85,49,1.0
85,50,0.0
85,51,1.0
85,52,0.0
85,53,1.0
85,54,0.0
85,55,0.0
85,56,1.0
85,57,0.0
85,58,1.0
85,59,1.0
85,60,0.0
85,61,1.0
85,62,1.0
85,63,1.0
85,64,1.0
85,65,1.0
85,66,0.0
85,67,0.0
85,68,1.0
85,69,1.0
85,70,0.0
85,71,1.0
85,72,0.0
85,73,1.0
85,74,0.0
85,75,0.0
85,76,1.0
85,77,1.0
85,78,0.0
85,79,1.0
85,80,0.0
85,81,1.0
85,82,1.0
86,0,0.0
86,1,0.0
86,2,0.0
86,3,0.0
86,4,1.0
86,5,0.0
86,6,0.0
86,7,0.0
86,8,0.0
86,9,0.0
86,10,0.0
86,11,1.0
86,12,0.0
86,13,1.0
86,14,0.0
86,15,0.0
86,16,1.0
86,17,0.0
86,18,1.0
86,19,1.0
86,20,1.0
86,21,0.0
86,22,0.0
86,23,0.0
86,24,0.0
86,25,0.0
86,26,1.0
86,27,1.0
86,28,1.0
86,29,1.0
86,30,1.0
86,31,1.0
86,32,1.0
86,33,1.0
86,34,1.0
86,35,1.0
86,36,1.0
86,37,1.0
86,38,1.0
86,39,1.0
86,40,1.0
86,41,1.0
86,42,1.0
86,43,1.0
86,44,1.0
86,45,1.0
86,46,0.0
86,47,0.0
86,48,0.0
86,49,1.0
86,50,1.0
86,51,1.0
86,52,1.0
86,53,1.0
86,54,0.0
86,55,0.0
86,56,0.0
86,57,0.0
86,58,1.0
86,59,1.0
86,60,1.0
86,61,1.0
86,62,1.0
86,63,1.0
86,64,0.0
86,65,1.0
86,66,0.0
86,67,1.0
86,68,1.0
86,69,0.0
86,70,1.0
86,71,0.0
86,72,0.0
86,73,1.0
86,74,0.0
86,75,0.0
86,76,1.0
86,77,0.0
86,78,0.0
86,79,1.0
86,80,0.0
86,81,0.0
86,82,1.0
87,0,0.0
87,1,1.0
87,2,1.0
87,3,0.0
87,4,1.0
87,5,0.0
87,6,0.0
87,7,1.0
87,8,0.0
87,9,1.0
87,10,1.0
87,11,1.0
87,12,1.0
87,13,1.0
87,14,1.0
87,15,0.0
87,16,0.0
87,17,1.0
87,18,1.0
87,19,0.0
87,20,1.0
87,21,0.0
87,22,0.0
87,23,1.0
87,24,1.0
87,25,0.0
87,26,1.0
87,27,1.0
87,28,1.0
87,29,1.0
87,30,1.0
87,31,1.0
87,32,1.0
87,33,1.0
87,34,1.0
87,35,1.0
87,36,1.0
87,37,1.0
87,38,1.0
87,39,1.0
87,40,1.0
87,41,1.0
87,42,1.0
87,43,1.0
87,44,1.0
87,45,1.0
87,46,1.0
87,47,1.0
87,48,1.0
87,49,1.0
87,50,1.0
87,51,1.0
87,52,1.0
87,53,1.0
87,54,1.0
87,55,1.0
87,56,1.0
87,57,1.0
87,58,1.0
87,59,1.0
87,60,1.0
87,61,1.0
87,62,1.0
87,63,1.0
87,64,1.0
87,65,1.0
87,66,0.0
87,67,1.0
87,68,1.0
87,69,1.0
87,70,1.0
87,71,0.0
87,72,0.0
87,73,1.0
87,74,1.0
87,75,1.0
87,76,1.0
87,77,1.0
87,78,1.0
87,79,1.0
87,80,1.0
87,81,1.0
87,82,1.0
88,0,0.0
88,1,0.0
88,2,0.0
88,3,0.0
88,4,0.0
88,5,0.0
88,6,0.0
88,7,1.0
88,8,0.0
88,9,0.0
88,10,1.0
88,11,0.0
88,12,0.0
88,13,1.0
88,14,0.0
88,15,1.0
88,16,0.0
88,17,0.0
88,18,1.0
88,19,0.0
88,20,1.0
88,21,1.0
88,22,0.0
88,23,1.0
88,24,0.0
88,25,0.0
88,26,1.0
88,27,1.0
88,28,1.0
88,29,1.0
88,30,1.0
88,31,1.0
88,32,1.0
88,33,1.0
88,34,1.0
88,35,1.0
88,36,1.0
88,37,1.0
88,38,1.0
88,39,1.0
88,40,1.0
88,41,1.0
88,42,1.0
88,43,1.0
88,44,1.0
88,45,0.0
88,46,1.0
88,47,1.0
88,48,0.0
88,49,1.0
88,50,1.0
88,51,1.0
88,52,0.0
88,53,1.0
88,54,0.0
88,55,0.0
88,56,1.0
88,57,0.0
88,58,1.0
88,59,1.0
88,60,0.0
88,61,1.0
88,62,0.0
88,63,1.0
88,64,1.0
88,65,1.0
88,66,0.0
88,67,0.0
88,68,0.0
88,69,0.0
88,70,1.0
88,71,1.0
88,72,0.0
88,73,0.0
88,74,1.0
88,75,1.0
88,76,1.0
88,77,1.0
88,78,1.0
88,79,1.0
88,80,0.0
88,81,1.0
88,82,1.0
89,0,0.0
89,1,1.0
89,2,1.0
89,3,0.0
89,4,1.0
89,5,1.0
89,6,1.0
89,7,0.0
89,8,0.0
89,9,1.0
89,10,0.0
89,11,1.0
89,12,1.0
89,13,0.0
89,14,1.0
89,15,0.0
89,16,1.0
89,17,1.0
89,18,1.0
89,19,1.0
89,20,1.0
89,21,0.0
89,22,0.0
89,23,1.0
89,24,0.0
89,25,1.0
89,26,0.0
89,27,1.0
89,28,1.0
89,29,1.0
89,30,1.0
89,31,1.0
89,32,1.0
89,33,1.0
89,34,1.0
89,35,1.0
89,36,1.0
89,37,1.0
89,38,1.0
89,39,1.0
89,40,1.0
89,41,1.0
89,42,1.0
89,43,1.0
89,44,1.0
89,45,1.0
89,46,1.0
89,47,1.0
89,48,1.0
89,49,1.0
89,50,1.0
89,51,1.0
89,52,1.0
89,53,1.0
89,54,1.0
89,55,0.0
89,56,1.0
89,57,0.0
89,58,1.0
89,59,1.0
89,60,0.0
89,61,1.0
89,62,0.0
89,63,1.0
89,64,1.0
89,65,1.0
89,66,0.0
89,67,1.0
89,68,1.0
89,69,1.0
89,70,0.0
89,71,0.0
89,72,1.0
89,73,1.0
89,74,1.0
89,75,1.0
89,76,1.0
89,77,1.0
89,78,1.0
89,79,1.0
89,80,1.0
89,81,1.0
89,82,1.0
90,0,0.0
90,1,1.0
90,2,1.0
90,3,1.0
90,4,1.0
90,5,1.0
90,6,1.0
90,7,1.0
90,8,1.0
90,9,1.0
90,10,1.0
90,11,1.0
90,12,1.0
90,13,1.0
90,14,0.0
90,15,1.0
90,16,1.0
90,17,1.0
90,18,1.0
90,19,1.0
90,20,1.0
90,21,1.0
90,22,1.0
90,23,1.0
90,24,1.0
90,25,1.0
90,26,1.0
90,27,1.0
90,28,1.0
90,29,1.0
90,30,1.0
90,31,1.0
90,32,1.0
90,33,1.0
90,34,1.0
90,35,1.0
90,36,1.0
90,37,1.0
90,38,1.0
90,39,1.0
90,40,1.0
90,41,1.0
90,42,1.0
90,43,1.0
90,44,1.0
90,45,1.0
90,46,1.0
90,47,1.0
90,48,1.0
90,49,1.0
90,50,0.0
90,51,1.0
90,52,1.0
90,53,1.0
90,54,1.0
90,55,0.0
90,56,1.0
90,57,1.0
90,58,1.0
90,59,1.0
90,60,1.0
90,61,1.0
90,62,1.0
90,63,1.0
90,64,1.0
90,65,1.0
90,66,0.0
90,67,1.0
90,68,1.0
90,69,1.0
90,70,1.0
90,71,1.0
90,72,1.0
90,73,1.0
90,74,1.0
90,75,1.0
90,76,1.0
90,77,1.0
90,78,1.0
90,79,1.0
90,80,0.0
90,81,1.0
90,82,1.0
91,0,0.0
91,1,1.0
91,2,1.0
91,3,1.0
91,4,0.0
91,5,0.0
91,6,0.0
91,7,1.0
91,8,0.0
91,9,0.0
91,10,1.0
91,11,0.0
91,12,1.0
91,13,0.0
91,14,0.0
91,15,0.0
91,16,1.0
91,17,0.0
91,18,1.0
91,19,1.0
91,20,1.0
91,21,1.0
91,22,0.0
91,23,1.0
91,24,1.0
91,25,1.0
91,26,1.0
91,27,1.0
91,28,1.0
91,29,1.0
91,30,1.0
91,31,1.0
91,32,1.0
91,33,1.0
91,34,1.0
91,35,1.0
91,36,1.0
91,37,1.0
91,38,1.0
91,39,1.0
91,40,1.0
91,41,1.0
91,42,1.0
91,43,1.0
91,44,1.0
91,45,1.0
91,46,1.0
91,47,1.0
91,48,1.0
91,49,1.0
91,50,1.0
91,51,1.0
91,52,1.0
91,53,1.0
91,54,0.0
91,55,0.0
91,56,1.0
91,57,1.0
91,58,1.0
91,59,1.0
91,60,0.0
91,61,1.0
91,62,1.0
91,63,1.0
91,64,1.0
91,65,1.0
91,66,0.0
91,67,1.0
91,68,1.0
91,69,1.0
91,70,1.0
91,71,1.0
91,72,0.0
91,73,0.0
91,74,1.0
91,75,1.0
91,76,1.0
91,77,1.0
91,78,1.0
91,79,1.0
91,80,1.0
91,81,1.0
91,82,1.0
92,0,1.0
92,1,1.0
92,2,1.0
92,3,1.0
92,4,1.0
92,5,1.0
92,6,1.0
92,7,1.0
92,8,1.0
92,9,1.0
92,10,1.0
92,11,1.0
92,12,1.0
92,13,1.0
92,14,1.0
92,15,1.0
92,16,1.0
92,17,1.0
92,18,1.0
92,19,1.0
92,20,1.0
92,21,1.0
92,22,1.0
92,23,1.0
92,24,1.0
92,25,1.0
92,26,1.0
92,27,1.0
92,28,1.0
92,29,1.0
92,30,1.0
92,31,1.0
92,32,1.0
92,33,1.0
92,34,1.0
92,35,1.0
92,36,1.0
92,37,1.0
92,38,1.0
92,39,1.0
92,40,1.0
92,41,1.0
92,42,1.0
92,43,1.0
92,44,1.0
92,45,1.0
92,46,1.0
92,47,1.0
92,48,1.0
92,49,1.0
92,50,1.0
92,51,1.0
92,52,1.0
92,53,1.0
92,54,0.0
92,55,1.0
92,56,1.0
92,57,1.0
92,58,1.0
92,59,1.0
92,60,1.0
92,61,1.0
92,62,1.0
92,63,1.0
92,64,1.0
92,65,1.0
92,66,1.0
92,67,1.0
92,68,1.0
92,69,1.0
92,70,1.0
92,71,1.0
92,72,1.0
92,73,1.0
92,74,0.0
92,75,1.0
92,76,1.0
92,77,1.0
92,78,1.0
92,79,1.0
92,80,0.0
92,81,1.0
92,82,1.0
93,0,0.0
93,1,0.0
93,2,0.0
93,3,0.0
93,4,0.0
93,5,0.0
93,6,0.0
93,7,0.0
93,8,0.0
93,9,1.0
93,10,1.0
93,11,0.0
93,12,0.0
93,13,0.0
93,14,0.0
93,15,0.0
93,16,0.0
93,17,0.0
93,18,1.0
93,19,0.0
93,20,1.0
93,21,0.0
93,22,0.0
93,23,1.0
93,24,0.0
93,25,0.0
93,26,1.0
93,27,1.0
93,28,1.0
93,29,1.0
93,30,1.0
93,31,1.0
93,32,1.0
93,33,1.0
93,34,1.0
93,35,1.0
93,36,1.0
93,37,1.0
93,38,1.0
93,39,1.0
93,40,1.0
93,41,1.0
93,42,1.0
93,43,1.0
93,44,1.0
93,45,0.0
93,46,1.0
93,47,1.0
93,48,1.0
93,49,1.0
93,50,1.0
93,51,1.0
93,52,0.0
93,53,1.0
93,54,0.0
93,55,0.0
93,56,1.0
93,57,0.0
93,58,0.0
93,59,1.0
93,60,0.0
93,61,1.0
93,62,1.0
93,63,1.0
93,64,1.0
93,65,1.0
93,66,0.0
93,67,1.0
93,68,1.0
93,69,1.0
93,70,0.0
93,71,1.0
93,72,1.0
93,73,0.0
93,74,0.0
93,75,0.0
93,76,1.0
93,77,1.0
93,78,0.0
93,79,1.0
93,80,1.0
93,81,1.0
93,82,1.0
94,0,0.0
94,1,0.0
94,2,1.0
94,3,0.0
94,4,0.0
94,5,0.0
94,6,1.0
94,7,0.0
94,8,0.0
94,9,1.0
94,10,1.0
94,11,1.0
94,12,0.0
94,13,0.0
94,14,0.0
94,15,0.0
94,16,0.0
94,17,0.0
94,18,1.0
94,19,1.0
94,20,0.0
94,21,1.0
94,22,1.0
94,23,0.0
94,24,1.0
94,25,1.0
94,26,0.0
94,27,1.0
94,28,1.0
94,29,1.0
94,30,1.0
94,31,1.0
94,32,1.0
94,33,1.0
94,34,1.0
94,35,1.0
94,36,1.0
94,37,1.0
94,38,1.0
94,39,1.0
94,40,1.0
94,41,1.0
94,42,1.0
94,43,1.0
94,44,1.0
94,45,0.0
94,46,1.0
94,47,1.0
94,48,1.0
94,49,1.0
94,50,1.0
94,51,1.0
94,52,1.0
94,53,1.0
94,54,1.0
94,55,0.0
94,56,1.0
94,57,1.0
94,58,1.0
94,59,1.0
94,60,1.0
94,61,1.0
94,62,1.0
94,63,1.0
94,64,1.0
94,65,1.0
94,66,0.0
94,67,1.0
94,68,1.0
94,69,1.0
94,70,1.0
94,71,1.0
94,72,0.0
94,73,1.0
94,74,1.0
94,75,1.0
94,76,1.0
94,77,1.0
94,78,1.0
94,79,1.0
94,80,0.0
94,81,1.0
94,82,1.0
95,0,0.0
95,1,0.0
95,2,1.0
95,3,0.0
95,4,1.0
95,5,0.0
95,6,0.0
95,7,0.0
95,8,0.0
95,9,1.0
95,10,0.0
95,11,1.0
95,12,0.0
95,13,0.0
95,14,0.0
95,15,0.0
95,16,0.0
95,17,0.0
95,18,1.0
95,19,0.0
95,20,0.0
95,21,1.0
95,22,0.0
95,23,0.0
95,24,0.0
95,25,0.0
95,26,0.0
95,27,1.0
95,28,1.0
95,29,1.0
95,30,1.0
95,31,1.0
95,32,1.0
95,33,1.0
95,34,1.0
95,35,1.0
95,36,1.0
95,37,1.0
95,38,1.0
95,39,1.0
95,40,1.0
95,41,1.0
95,42,1.0
95,43,1.0
95,44,1.0
95,45,1.0
95,46,1.0
95,47,0.0
95,48,0.0
95,49,1.0
95,50,1.0
95,51,0.0
95,52,0.0
95,53,0.0
95,54,0.0
95,55,0.0
95,56,1.0
95,57,0.0
95,58,0.0
95,59,0.0
95,60,0.0
95,61,1.0
95,62,0.0
95,63,1.0
95,64,0.0
95,65,1.0
95,66,0.0
95,67,0.0
95,68,0.0
95,69,0.0
95,70,0.0
95,71,0.0
95,72,0.0
95,73,1.0
95,74,0.0
95,75,0.0
95,76,1.0
95,77,1.0
95,78,0.0
95,79,1.0
95,80,0.0
95,81,0.0
95,82,1.0
96,0,0.0
96,1,1.0
96,2,1.0
96,3,0.0
96,4,0.0
96,5,1.0
96,6,1.0
96,7,1.0
96,8,0.0
96,9,1.0
96,10,1.0
96,11,0.0
96,12,1.0
96,13,1.0
96,14,0.0
96,15,0.0
96,16,1.0
96,17,1.0
96,18,0.0
96,19,1.0
96,20,1.0
96,21,1.0
96,22,0.0
96,23,1.0
96,24,0.0
96,25,1.0
96,26,1.0
96,27,1.0
96,28,1.0
96,29,1.0
96,30,1.0
96,31,1.0
96,32,1.0
96,33,1.0
96,34,1.0
96,35,1.0
96,36,1.0
96,37,1.0
96,38,1.0
96,39,1.0
96,40,1.0
96,41,1.0
96,42,1.0
96,43,1.0
96,44,1.0
96,45,1.0
96,46,1.0
96,47,1.0
96,48,1.0
96,49,1.0
96,50,1.0
96,51,1.0
96,52,1.0
96,53,1.0
96,54,1.0
96,55,1.0
96,56,1.0
96,57,1.0
96,58,1.0
96,59,1.0
96,60,1.0
96,61,1.0
96,62,1.0
96,63,1.0
96,64,1.0
96,65,1.0
96,66,0.0
96,67,1.0
96,68,1.0
96,69,1.0
96,70,1.0
96,71,1.0
96,72,1.0
96,73,1.0
96,74,1.0
96,75,1.0
96,76,1.0
96,77,1.0
96,78,1.0
96,79,1.0
96,80,1.0
96,81,1.0
96,82,1.0
97,0,0.0
97,1,1.0
97,2,1.0
97,3,1.0
97,4,0.0
97,5,0.0
97,6,0.0
97,7,1.0
97,8,0.0
97,9,1.0
97,10,1.0
97,11,1.0
97,12,1.0
97,13,0.0
97,14,0.0
97,15,0.0
97,16,1.0
97,17,1.0
97,18,1.0
97,19,1.0
97,20,1.0
97,21,1.0
97,22,0.0
97,23,1.0
97,24,1.0
97,25,1.0
97,26,1.0
97,27,1.0
97,28,1.0
97,29,1.0
97,30,1.0
97,31,1.0
97,32,1.0
97,33,1.0
97,34,1.0
97,35,1.0
97,36,1.0
97,37,1.0
97,38,1.0
97,39,1.0
97,40,1.0
97,41,1.0
97,42,1.0
97,43,1.0
97,44,1.0
97,45,1.0
97,46,1.0
97,47,1.0
97,48,1.0
97,49,1.0
97,50,1.0
97,51,0.0
97,52,1.0
97,53,1.0
97,54,1.0
97,55,0.0
97,56,1.0
97,57,1.0
97,58,1.0
97,59,1.0
97,60,1.0
97,61,1.0
97,62,1.0
97,63,0.0
97,64,1.0
97,65,1.0
97,66,0.0
97,67,1.0
97,68,1.0
97,69,1.0
97,70,1.0
97,71,0.0
97,72,1.0
97,73,1.0
97,74,1.0
97,75,1.0
97,76,1.0
97,77,1.0
97,78,1.0
97,79,1.0
97,80,1.0
97,81,1.0
97,82,1.0
98,0,0.0
98,1,1.0
98,2,1.0
98,3,1.0
98,4,1.0
98,5,0.0
98,6,0.0
98,7,1.0
98,8,0.0
98,9,1.0
98,10,0.0
98,11,1.0
98,12,0.0
98,13,1.0
98,14,0.0
98,15,0.0
98,16,1.0
98,17,0.0
98,18,1.0
98,19,1.0
98,20,1.0
98,21,1.0
98,22,0.0
98,23,0.0
98,24,1.0
98,25,0.0
98,26,1.0
98,27,1.0
98,28,1.0
98,29,1.0
98,30,1.0
98,31,1.0
98,32,1.0
98,33,1.0
98,34,1.0
98,35,1.0
98,36,1.0
98,37,1.0
98,38,1.0
98,39,1.0
98,40,1.0
98,41,1.0
98,42,1.0
98,43,1.0
98,44,1.0
98,45,1.0
98,46,1.0
98,47,0.0
98,48,1.0
98,49,1.0
98,50,0.0
98,51,1.0
98,52,1.0
98,53,1.0
98,54,0.0
98,55,0.0
98,56,1.0
98,57,1.0
98,58,0.0
98,59,1.0
98,60,0.0
98,61,1.0
98,62,0.0
98,63,1.0
98,64,1.0
98,65,1.0
98,66,0.0
98,67,0.0
98,68,0.0
98,69,1.0
98,70,0.0
98,71,1.0
98,72,0.0
98,73,1.0
98,74,0.0
98,75,1.0
98,76,1.0
98,77,1.0
98,78,0.0
98,79,0.0
98,80,0.0
98,81,0.0
98,82,1.0
99,0,0.0
99,1,1.0
99,2,1.0
99,3,0.0
99,4,0.0
99,5,0.0
99,6,1.0
99,7,1.0
99,8,0.0
99,9,1.0
99,10,1.0
99,11,1.0
99,12,0.0
99,13,0.0
99,14,0.0
99,15,0.0
99,16,0.0
99,17,1.0
99,18,1.0
99,19,1.0
99,20,1.0
99,21,1.0
99,22,0.0
99,23,1.0
99,24,1.0
99,25,1.0
99,26,0.0
99,27,1.0
99,28,1.0
99,29,1.0
99,30,1.0
99,31,1.0
99,32,1.0
99,33,1.0
99,34,1.0
99,35,1.0
99,36,1.0
99,37,1.0
99,38,1.0
99,39,1.0
99,40,1.0
99,41,1.0
99,42,1.0
99,43,1.0
99,44,1.0
99,45,1.0
99,46,1.0
99,47,1.0
99,48,0.0
99,49,1.0
99,50,1.0
99,51,1.0
99,52,1.0
99,53,1.0
99,54,1.0
99,55,1.0
99,56,1.0
99,57,1.0
99,58,0.0
99,59,1.0
99,60,0.0
99,61,1.0
99,62,1.0
99,63,1.0
99,64,1.0
99,65,1.0
99,66,0.0
99,67,1.0
99,68,0.0
99,69,1.0
99,70,1.0
99,71,0.0
99,72,1.0
99,73,1.0
99,74,1.0
99,75,1.0
99,76,1.0
99,77,1.0
99,78,0.0
99,79,0.0
99,80,1.0
99,81,0.0
99,82,1.0
100,0,0.0
100,1,1.0
100,2,1.0
100,3,0.0
100,4,0.0
100,5,0.0
100,6,1.0
100,7,0.0
100,8,0.0
100,9,1.0
100,10,1.0
100,11,1.0
100,12,0.0
100,13,0.0
100,14,0.0
100,15,0.0
100,16,0.0
100,17,0.0
100,18,1.0
100,19,1.0
100,20,0.0
100,21,0.0
100,22,1.0
100,23,0.0
100,24,0.0
100,25,1.0
100,26,1.0
100,27,1.0
100,28,1.0
100,29,1.0
100,30,1.0
100,31,1.0
100,32,1.0
100,33,1.0
100,34,1.0
100,35,1.0
100,36,1.0
100,37,1.0
100,38,1.0
100,39,1.0
100,40,1.0
100,41,1.0
100,42,1.0
100,43,1.0
100,44,1.0
100,45,0.0
100,46,1.0
100,47,1.0
100,48,1.0
100,49,1.0
100,50,1.0
100,51,1.0
100,52,0.0
100,53,1.0
100,54,0.0
100,55,1.0
100,56,1.0
100,57,1.0
100,58,1.0
100,59,1.0
100,60,0.0
100,61,1.0
100,62,1.0
100,63,1.0
100,64,1.0
100,65,1.0
100,66,0.0
100,67,1.0
100,68,0.0
100,69,0.0
100,70,1.0
100,71,0.0
100,72,0.0
100,73,1.0
100,74,0.0
100,75,1.0
100,76,1.0
100,77,1.0
100,78,1.0
100,79,1.0
100,80,1.0
100,81,0.0
100,82,1.0
101,0,0.0
101,1,1.0
101,2,1.0
101,3,0.0
101,4,0.0
101,5,0.0
101,6,0.0
101,7,0.0
101,8,0.0
101,9,1.0
101,10,1.0
101,11,1.0
101,12,1.0
101,13,0.0
101,14,0.0
101,15,0.0
101,16,0.0
101,17,0.0
101,18,1.0
101,19,1.0
101,20,0.0
101,21,0.0
101,22,0.0
101,23,0.0
101,24,0.0
101,25,0.0
101,26,0.0
101,27,1.0
101,28,1.0
101,29,1.0
101,30,1.0
101,31,1.0
101,32,1.0
101,33,1.0
101,34,1.0
101,35,1.0
101,36,1.0
101,37,1.0
101,38,1.0
101,39,1.0
101,40,1.0
101,41,1.0
101,42,1.0
101,43,1.0
101,44,1.0
101,45,0.0
101,46,1.0
101,47,0.0
101,48,0.0
101,49,1.0
101,50,1.0
101,51,1.0
101,52,1.0
101,53,1.0
101,54,0.0
101,55,0.0
101,56,1.0
101,57,1.0
101,58,0.0
101,59,1.0
101,60,0.0
101,61,1.0
101,62,0.0
101,63,1.0
101,64,0.0
101,65,1.0
101,66,0.0
101,67,1.0
101,68,0.0
101,69,1.0
101,70,0.0
101,71,0.0
101,72,0.0
101,73,1.0
101,74,0.0
101,75,1.0
101,76,1.0
101,77,1.0
101,78,1.0
101,79,1.0
101,80,0.0
101,81,0.0
101,82,1.0
102,0,0.0
102,1,0.0
102,2,1.0
102,3,1.0
102,4,0.0
102,5,0.0
102,6,0.0
102,7,0.0
102,8,0.0
102,9,0.0
102,10,1.0
102,11,0.0
102,12,1.0
102,13,0.0
102,14,0.0
102,15,0.0
102,16,1.0
102,17,0.0
102,18,1.0
102,19,0.0
102,20,0.0
102,21,0.0
102,22,0.0
102,23,0.0
102,24,0.0
102,25,1.0
102,26,0.0
102,27,1.0
102,28,1.0
102,29,1.0
102,30,1.0
102,31,1.0
102,32,1.0
102,33,1.0
102,34,1.0
102,35,1.0
102,36,1.0
102,37,1.0
102,38,1.0
102,39,1.0
102,40,1.0
102,41,1.0
102,42,1.0
102,43,1.0
102,44,1.0
102,45,0.0
102,46,1.0
102,47,0.0
102,48,1.0
102,49,1.0
102,50,0.0
102,51,1.0
102,52,1.0
102,53,0.0
102,54,0.0
102,55,0.0
102,56,1.0
102,57,1.0
102,58,1.0
102,59,1.0
102,60,1.0
102,61,1.0
102,62,1.0
102,63,1.0
102,64,1.0
102,65,1.0
102,66,0.0
102,67,0.0
102,68,1.0
102,69,0.0
102,70,1.0
102,71,0.0
102,72,1.0
102,73,0.0
102,74,1.0
102,75,1.0
102,76,1.0
102,77,1.0
102,78,0.0
102,79,1.0
102,80,0.0
102,81,0.0
102,82,1.0
103,0,0.0
103,1,0.0
103,2,0.0
103,3,0.0
103,4,0.0
103,5,0.0
103,6,0.0
103,7,0.0
103,8,0.0
103,9,0.0
103,10,1.0
103,11,0.0
103,12,0.0
103,13,0.0
103,14,0.0
103,15,0.0
103,16,0.0
103,17,0.0
103,18,0.0
103,19,1.0
103,20,1.0
103,21,1.0
103,22,0.0
103,23,0.0
103,24,0.0
103,25,1.0
103,26,1.0
103,27,1.0
103,28,1.0
103,29,1.0
103,30,1.0
103,31,1.0
103,32,1.0
103,33,1.0
103,34,1.0
103,35,1.0
103,36,1.0
103,37,1.0
103,38,1.0
103,39,1.0
103,40,1.0
103,41,1.0
103,42,1.0
103,43,1.0
103,44,1.0
103,45,1.0
103,46,1.0
103,47,0.0
103,48,1.0
103,49,1.0
103,50,0.0
103,51,0.0
103,52,1.0
103,53,1.0
103,54,1.0
103,55,1.0
103,56,0.0
103,57,1.0
103,58,1.0
103,59,1.0
103,60,1.0
103,61,1.0
103,62,1.0
103,63,1.0
103,64,1.0
103,65,1.0
103,66,0.0
103,67,1.0
103,68,0.0
103,69,1.0
103,70,0.0
103,71,0.0
103,72,0.0
103,73,0.0
103,74,0.0
103,75,0.0
103,76,1.0
103,77,0.0
103,78,0.0
103,79,1.0
103,80,0.0
103,81,0.0
103,82,1.0
104,0,1.0
104,1,1.0
104,2,1.0
104,3,0.0
104,4,1.0
104,5,0.0
104,6,0.0
104,7,0.0
104,8,0.0
104,9,0.0
104,10,0.0
104,11,1.0
104,12,1.0
104,13,0.0
104,14,1.0
104,15,0.0
104,16,0.0
104,17,1.0
104,18,1.0
104,19,1.0
104,20,1.0
104,21,1.0
104,22,0.0
104,23,0.0
104,24,0.0
104,25,0.0
104,26,1.0
104,27,1.0
104,28,1.0
104,29,1.0
104,30,1.0
104,31,1.0
104,32,1.0
104,33,1.0
104,34,1.0
104,35,1.0
104,36,1.0
104,37,1.0
104,38,1.0
104,39,1.0
104,40,1.0
104,41,1.0
104,42,1.0
104,43,1.0
104,44,1.0
104,45,0.0
104,46,1.0
104,47,1.0
104,48,1.0
104,49,1.0
104,50,0.0
104,51,1.0
104,52,1.0
104,53,1.0
104,54,1.0
104,55,1.0
104,56,1.0
104,57,1.0
104,58,0.0
104,59,1.0
104,60,1.0
104,61,1.0
104,62,0.0
104,63,1.0
104,64,1.0
104,65,1.0
104,66,0.0
104,67,1.0
104,68,1.0
104,69,0.0
104,70,0.0
104,71,1.0
104,72,0.0
104,73,1.0
104,74,1.0
104,75,0.0
104,76,1.0
104,77,0.0
104,78,0.0
104,79,1.0
104,80,0.0
104,81,0.0
104,82,1.0
105,0,0.0
105,1,1.0
105,2,1.0
105,3,0.0
105,4,1.0
105,5,0.0
105,6,1.0
105,7,0.0
105,8,1.0
105,9,1.0
105,10,1.0
105,11,1.0
105,12,1.0
105,13,1.0
105,14,1.0
105,15,0.0
105,16,0.0
105,17,1.0
105,18,0.0
105,19,1.0
105,20,1.0
105,21,1.0
105,22,0.0
105,23,1.0
105,24,0.0
105,25,1.0
105,26,1.0
105,27,1.0
105,28,1.0
105,29,1.0
105,30,1.0
105,31,1.0
105,32,1.0
105,33,1.0
105,34,1.0
105,35,1.0
105,36,1.0
105,37,1.0
105,38,1.0
105,39,1.0
105,40,1.0
105,41,1.0
105,42,1.0
105,43,1.0
105,44,1.0
105,45,0.0
105,46,1.0
105,47,1.0
105,48,1.0
105,49,1.0
105,50,1.0
105,51,1.0
105,52,0.0
105,53,1.0
105,54,0.0
105,55,0.0
105,56,1.0
105,57,1.0
105,58,0.0
105,59,1.0
105,60,1.0
105,61,1.0
105,62,0.0
105,63,1.0
105,64,1.0
105,65,1.0
105,66,0.0
105,67,0.0
105,68,1.0
105,69,0.0
105,70,0.0
105,71,0.0
105,72,0.0
105,73,1.0
105,74,1.0
105,75,1.0
105,76,1.0
105,77,0.0
105,78,0.0
105,79,1.0
105,80,0.0
105,81,0.0
105,82,1.0
106,0,1.0
106,1,1.0
106,2,1.0
106,3,1.0
106,4,1.0
106,5,0.0
106,6,1.0
106,7,1.0
106,8,1.0
106,9,1.0
106,10,1.0
106,11,1.0
106,12,1.0
106,13,1.0
106,14,1.0
106,15,0.0
106,16,1.0
106,17,1.0
106,18,1.0
106,19,1.0
106,20,1.0
106,21,1.0
106,22,1.0
106,23,1.0
106,24,1.0
106,25,1.0
106,26,1.0
106,27,1.0
106,28,1.0
106,29,1.0
106,30,1.0
106,31,1.0
106,32,1.0
106,33,1.0
106,34,1.0
106,35,1.0
106,36,1.0
106,37,1.0
106,38,1.0
106,39,1.0
106,40,1.0
106,41,1.0
106,42,1.0
106,43,1.0
106,44,1.0
106,45,1.0
106,46,1.0
106,47,1.0
106,48,1.0
106,49,1.0
106,50,1.0
106,51,1.0
106,52,1.0
106,53,1.0
106,54,1.0
106,55,1.0
106,56,1.0
106,57,1.0
106,58,1.0
106,59,1.0
106,60,1.0
106,61,1.0
106,62,1.0
106,63,1.0
106,64,1.0
106,65,1.0
106,66,0.0
106,67,1.0
106,68,1.0
106,69,1.0
106,70,1.0
106,71,1.0
106,72,1.0
106,73,1.0
106,74,1.0
106,75,1.0
106,76,1.0
106,77,1.0
106,78,1.0
106,79,1.0
106,80,1.0
106,81,1.0
106,82,1.0
107,0,0.0
107,1,0.0
107,2,1.0
107,3,1.0
107,4,1.0
107,5,0.0
107,6,0.0
107,7,1.0
107,8,0.0
107,9,0.0
107,10,1.0
107,11,0.0
107,12,0.0
107,13,1.0
107,14,0.0
107,15,0.0
107,16,0.0
107,17,0.0
107,18,1.0
107,19,1.0
107,20,0.0
107,21,1.0
107,22,0.0
107,23,1.0
107,24,0.0
107,25,0.0
107,26,1.0
107,27,1.0
107,28,1.0
107,29,1.0
107,30,1.0
107,31,1.0
107,32,1.0
107,33,1.0
107,34,1.0
107,35,1.0
107,36,1.0
107,37,1.0
107,38,1.0
107,39,1.0
107,40,1.0
107,41,1.0
107,42,1.0
107,43,1.0
107,44,1.0
107,45,1.0
107,46,1.0
107,47,0.0
107,48,1.0
107,49,1.0
107,50,1.0
107,51,0.0
107,52,1.0
107,53,1.0
107,54,0.0
107,55,1.0
107,56,1.0
107,57,1.0
107,58,1.0
107,59,1.0
107,60,0.0
107,61,1.0
107,62,1.0
107,63,1.0
107,64,1.0
107,65,1.0
107,66,0.0
107,67,1.0
107,68,1.0
107,69,1.0
107,70,1.0
107,71,1.0
107,72,1.0
107,73,1.0
107,74,1.0
107,75,1.0
107,76,1.0
107,77,1.0
107,78,1.0
107,79,1.0
107,80,1.0
107,81,1.0
107,82,1.0
108,0,0.0
108,1,1.0
108,2,0.0
108,3,0.0
108,4,1.0
108,5,0.0
108,6,0.0
108,7,1.0
108,8,0.0
108,9,1.0
108,10,1.0
108,11,1.0
108,12,1.0
108,13,0.0
108,14,0.0
108,15,0.0
108,16,0.0
108,17,1.0
108,18,0.0
108,19,1.0
108,20,1.0
108,21,0.0
108,22,0.0
108,23,1.0
108,24,0.0
108,25,0.0
108,26,1.0
108,27,1.0
108,28,1.0
108,29,1.0
108,30,1.0
108,31,1.0
108,32,1.0
108,33,1.0
108,34,1.0
108,35,1.0
108,36,1.0
108,37,1.0
108,38,1.0
108,39,1.0
108,40,1.0
108,41,1.0
108,42,1.0
108,43,1.0
108,44,1.0
108,45,1.0
108,46,1.0
108,47,1.0
108,48,1.0
108,49,1.0
108,50,1.0
108,51,1.0
108,52,1.0
108,53,1.0
108,54,0.0
108,55,0.0
108,56,1.0
108,57,1.0
108,58,0.0
108,59,1.0
108,60,0.0
108,61,1.0
108,62,1.0
108,63,0.0
108,64,1.0
108,65,1.0
108,66,0.0
108,67,1.0
108,68,1.0
108,69,1.0
108,70,0.0
108,71,1.0
108,72,0.0
108,73,1.0
108,74,0.0
108,75,0.0
108,76,1.0
108,77,0.0
108,78,1.0
108,79,1.0
108,80,0.0
108,81,0.0
108,82,1.0
109,0,0.0
109,1,0.0
109,2,0.0
109,3,0.0
109,4,1.0
109,5,0.0
109,6,0.0
109,7,1.0
109,8,0.0
109,9,0.0
109,10,1.0
109,11,1.0
109,12,0.0
109,13,0.0
109,14,0.0
109,15,0.0
109,16,0.0
109,17,0.0
109,18,0.0
109,19,0.0
109,20,0.0
109,21,1.0
109,22,0.0
109,23,1.0
109,24,0.0
109,25,1.0
109,26,1.0
109,27,1.0
109,28,1.0
109,29,1.0
109,30,1.0
109,31,1.0
109,32,1.0
109,33,1.0
109,34,1.0
109,35,1.0
109,36,1.0
109,37,1.0
109,38,1.0
109,39,1.0
109,40,1.0
109,41,1.0
109,42,1.0
109,43,1.0
109,44,1.0
109,45,1.0
109,46,1.0
109,47,1.0
109,48,0.0
109,49,0.0
109,50,1.0
109,51,1.0
109,52,0.0
109,53,1.0
109,54,0.0
109,55,0.0
109,56,1.0
109,57,0.0
109,58,0.0
109,59,1.0
109,60,0.0
109,61,1.0
109,62,0.0
109,63,1.0
109,64,1.0
109,65,1.0
109,66,0.0
109,67,0.0
109,68,0.0
109,69,0.0
109,70,0.0
109,71,1.0
109,72,0.0
109,73,1.0
109,74,0.0
109,75,0.0
109,76,1.0
109,77,0.0
109,78,0.0
109,79,1.0
109,80,1.0
109,81,0.0
109,82,1.0
110,0,0.0
110,1,0.0
110,2,0.0
110,3,0.0
110,4,1.0
110,5,1.0
110,6,1.0
110,7,0.0
110,8,0.0
110,9,1.0
110,10,0.0
110,11,1.0
110,12,0.0
110,13,1.0
110,14,0.0
110,15,0.0
110,16,0.0
110,17,0.0
110,18,0.0
110,19,1.0
110,20,1.0
110,21,0.0
110,22,0.0
110,23,0.0
110,24,1.0
110,25,0.0
110,26,1.0
110,27,1.0
110,28,1.0
110,29,1.0
110,30,1.0
110,31,1.0
110,32,1.0
110,33,1.0
110,34,1.0
110,35,1.0
110,36,1.0
110,37,1.0
110,38,1.0
110,39,1.0
110,40,1.0
110,41,1.0
110,42,1.0
110,43,1.0
110,44,1.0
110,45,0.0
110,46,1.0
110,47,0.0
110,48,1.0
110,49,1.0
110,50,1.0
110,51,1.0
110,52,0.0
110,53,1.0
110,54,0.0
110,55,0.0
110,56,1.0
110,57,0.0
110,58,0.0
110,59,1.0
110,60,0.0
110,61,1.0
110,62,1.0
110,63,0.0
110,64,1.0
110,65,1.0
110,66,0.0
110,67,1.0
110,68,1.0
110,69,1.0
110,70,1.0
110,71,1.0
110,72,1.0
110,73,1.0
110,74,0.0
110,75,1.0
110,76,1.0
110,77,1.0
110,78,0.0
110,79,0.0
110,80,0.0
110,81,1.0
110,82,1.0
111,0,0.0
111,1,0.0
111,2,0.0
111,3,0.0
111,4,0.0
111,5,1.0
111,6,0.0
111,7,1.0
111,8,0.0
111,9,0.0
111,10,1.0
111,11,1.0
111,12,1.0
111,13,1.0
111,14,0.0
111,15,1.0
111,16,0.0
111,17,1.0
111,18,0.0
111,19,0.0
111,20,0.0
111,21,0.0
111,22,1.0
111,23,1.0
111,24,0.0
111,25,0.0
111,26,1.0
111,27,1.0
111,28,1.0
111,29,1.0
111,30,1.0
111,31,1.0
111,32,1.0
111,33,1.0
111,34,1.0
111,35,1.0
111,36,1.0
111,37,1.0
111,38,1.0
111,39,1.0
111,40,1.0
111,41,1.0
111,42,1.0
111,43,1.0
111,44,1.0
111,45,1.0
111,46,1.0
111,47,1.0
111,48,0.0
111,49,1.0
111,50,0.0
111,51,1.0
111,52,1.0
111,53,1.0
111,54,0.0
111,55,0.0
111,56,1.0
111,57,1.0
111,58,1.0
111,59,1.0
111,60,1.0
111,61,1.0
111,62,1.0
111,63,1.0
111,64,1.0
111,65,1.0
111,66,0.0
111,67,1.0
111,68,0.0
111,69,1.0
111,70,0.0
111,71,0.0
111,72,1.0
111,73,1.0
111,74,1.0
111,75,1.0
111,76,1.0
111,77,0.0
111,78,0.0
111,79,1.0
111,80,0.0
111,81,0.0
111,82,1.0
112,0,0.0
112,1,0.0
112,2,0.0
112,3,0.0
112,4,0.0
112,5,0.0
112,6,0.0
112,7,0.0
112,8,0.0
112,9,1.0
112,10,0.0
112,11,1.0
112,12,0.0
112,13,0.0
112,14,0.0
112,15,0.0
112,16,0.0
112,17,0.0
112,18,0.0
112,19,1.0
112,20,0.0
112,21,0.0
112,22,1.0
112,23,1.0
112,24,0.0
112,25,0.0
112,26,1.0
112,27,1.0
112,28,1.0
112,29,1.0
112,30,1.0
112,31,1.0
112,32,1.0
112,33,1.0
112,34,1.0
112,35,1.0
112,36,1.0
112,37,1.0
112,38,1.0
112,39,1.0
112,40,1.0
112,41,1.0
112,42,1.0
112,43,1.0
112,44,1.0
112,45,1.0
112,46,0.0
112,47,1.0
112,48,0.0
112,49,1.0
112,50,1.0
112,51,1.0
112,52,1.0
112,53,1.0
112,54,0.0
112,55,0.0
112,56,1.0
112,57,0.0
112,58,0.0
112,59,1.0
112,60,0.0
112,61,1.0
112,62,1.0
112,63,1.0
112,64,1.0
112,65,1.0
112,66,0.0
112,67,1.0
112,68,1.0
112,69,0.0
112,70,0.0
112,71,0.0
112,72,1.0
112,73,1.0
112,74,0.0
112,75,1.0
112,76,1.0
112,77,0.0
112,78,0.0
112,79,1.0
112,80,0.0
112,81,0.0
112,82,1.0
113,0,0.0
113,1,1.0
113,2,0.0
113,3,0.0
113,4,1.0
113,5,0.0
113,6,0.0
113,7,0.0
113,8,0.0
113,9,0.0
113,10,0.0
113,11,1.0
113,12,0.0
113,13,0.0
113,14,0.0
113,15,0.0
113,16,0.0
113,17,0.0
113,18,1.0
113,19,1.0
113,20,1.0
113,21,0.0
113,22,0.0
113,23,0.0
113,24,0.0
113,25,0.0
113,26,1.0
113,27,1.0
113,28,1.0
113,29,1.0
113,30,1.0
113,31,1.0
113,32,1.0
113,33,1.0
113,34,1.0
113,35,1.0
113,36,1.0
113,37,1.0
113,38,1.0
113,39,1.0
113,40,1.0
113,41,1.0
113,42,1.0
113,43,1.0
113,44,1.0
113,45,1.0
113,46,1.0
113,47,1.0
113,48,1.0
113,49,1.0
113,50,1.0
113,51,0.0
113,52,1.0
113,53,1.0
113,54,0.0
113,55,0.0
113,56,1.0
113,57,1.0
113,58,0.0
113,59,1.0
113,60,0.0
113,61,1.0
113,62,0.0
113,63,1.0
113,64,1.0
113,65,1.0
113,66,0.0
113,67,0.0
113,68,0.0
113,69,0.0
113,70,1.0
113,71,0.0
113,72,1.0
113,73,1.0
113,74,0.0
113,75,1.0
113,76,1.0
113,77,0.0
113,78,0.0
113,79,1.0
113,80,0.0
113,81,1.0
113,82,1.0
114,0,0.0
114,1,0.0
114,2,0.0
114,3,0.0
114,4,1.0
114,5,0.0
114,6,0.0
114,7,0.0
114,8,0.0
114,9,0.0
114,10,1.0
114,11,1.0
114,12,0.0
114,13,1.0
114,14,0.0
114,15,0.0
114,16,0.0
114,17,0.0
114,18,1.0
114,19,0.0
114,20,0.0
114,21,0.0
114,22,0.0
114,23,0.0
114,24,0.0
114,25,0.0
114,26,1.0
114,27,1.0
114,28,1.0
114,29,1.0
114,30,1.0
114,31,1.0
114,32,1.0
114,33,1.0
114,34,1.0
114,35,1.0
114,36,1.0
114,37,1.0
114,38,1.0
114,39,1.0
114,40,1.0
114,41,1.0
114,42,1.0
114,43,1.0
114,44,1.0
114,45,0.0
114,46,0.0
114,47,1.0
114,48,0.0
114,49,0.0
114,50,0.0
114,51,0.0
114,52,0.0
114,53,0.0
114,54,1.0
114,55,0.0
114,56,0.0
114,57,0.0
114,58,0.0
114,59,0.0
114,60,0.0
114,61,1.0
114,62,0.0
114,63,1.0
114,64,1.0
114,65,1.0
114,66,0.0
114,67,0.0
114,68,0.0
114,69,0.0
114,70,0.0
114,71,0.0
114,72,0.0
114,73,0.0
114,74,0.0
114,75,0.0
114,76,1.0
114,77,0.0
114,78,0.0
114,79,0.0
114,80,0.0
114,81,0.0
114,82,1.0
115,0,0.0
115,1,0.0
115,2,1.0
115,3,1.0
115,4,0.0
115,5,1.0
115,6,0.0
115,7,1.0
115,8,1.0
115,9,1.0
115,10,1.0
115,11,1.0
115,12,1.0
115,13,1.0
115,14,0.0
115,15,1.0
115,16,0.0
115,17,1.0
115,18,1.0
115,19,1.0
115,20,0.0
115,21,1.0
115,22,1.0
115,23,1.0
115,24,1.0
115,25,1.0
115,26,1.0
115,27,1.0
115,28,1.0
115,29,1.0
115,30,1.0
115,31,1.0
115,32,1.0
115,33,1.0
115,34,1.0
115,35,1.0
115,36,1.0
115,37,1.0
115,38,1.0
115,39,1.0
115,40,1.0
115,41,1.0
115,42,1.0
115,43,1.0
115,44,1.0
115,45,1.0
115,46,1.0
115,47,1.0
115,48,1.0
115,49,1.0
115,50,1.0
115,51,1.0
115,52,1.0
115,53,1.0
115,54,1.0
115,55,0.0
115,56,1.0
115,57,1.0
115,58,1.0
115,59,1.0
115,60,1.0
115,61,1.0
115,62,1.0
115,63,1.0
115,64,1.0
115,65,1.0
115,66,1.0
115,67,1.0
115,68,1.0
115,69,1.0
115,70,1.0
115,71,0.0
115,72,1.0
115,73,1.0
115,74,1.0
115,75,1.0
115,76,1.0
115,77,1.0
115,78,1.0
115,79,1.0
115,80,1.0
115,81,1.0
115,82,1.0
116,0,1.0
116,1,1.0
116,2,1.0
116,3,1.0
116,4,1.0
116,5,1.0
116,6,0.0
116,7,1.0
116,8,1.0
116,9,0.0
116,10,0.0
116,11,1.0
116,12,0.0
116,13,0.0
116,14,0.0
116,15,0.0
116,16,0.0
116,17,1.0
116,18,1.0
116,19,1.0
116,20,1.0
116,21,1.0
116,22,0.0
116,23,1.0
116,24,1.0
116,25,1.0
116,26,1.0
116,27,1.0
116,28,1.0
116,29,1.0
116,30,1.0
116,31,1.0
116,32,1.0
116,33,1.0
116,34,1.0
116,35,1.0
116,36,1.0
116,37,1.0
116,38,1.0
116,39,1.0
116,40,1.0
116,41,1.0
116,42,1.0
116,43,1.0
116,44,1.0
116,45,0.0
116,46,1.0
116,47,1.0
116,48,1.0
116,49,1.0
116,50,0.0
116,51,1.0
116,52,0.0
116,53,1.0
116,54,0.0
116,55,0.0
116,56,0.0
116,57,0.0
116,58,1.0
116,59,1.0
116,60,1.0
116,61,0.0
116,62,1.0
116,63,1.0
116,64,1.0
116,65,1.0
116,66,0.0
116,67,1.0
116,68,0.0
116,69,1.0
116,70,1.0
116,71,0.0
116,72,1.0
116,73,1.0
116,74,1.0
116,75,1.0
116,76,1.0
116,77,1.0
116,78,1.0
116,79,1.0
116,80,0.0
116,81,0.0
116,82,1.0
117,0,0.0
117,1,0.0
117,2,1.0
117,3,0.0
117,4,1.0
117,5,0.0
117,6,0.0
117,7,0.0
117,8,0.0
117,9,0.0
117,10,0.0
117,11,1.0
117,12,1.0
117,13,1.0
117,14,0.0
117,15,0.0
117,16,1.0
117,17,1.0
117,18,0.0
117,19,1.0
117,20,0.0
117,21,0.0
117,22,0.0
117,23,1.0
117,24,0.0
117,25,0.0
117,26,1.0
117,27,1.0
117,28,1.0
117,29,1.0
117,30,1.0
117,31,1.0
117,32,1.0
117,33,1.0
117,34,1.0
117,35,1.0
117,36,1.0
117,37,1.0
117,38,1.0
117,39,1.0
117,40,1.0
117,41,1.0
117,42,1.0
117,43,1.0
117,44,1.0
117,45,0.0
117,46,1.0
117,47,0.0
117,48,1.0
117,49,1.0
117,50,1.0
117,51,0.0
117,52,1.0
117,53,1.0
117,54,1.0
117,55,0.0
117,56,1.0
117,57,1.0
117,58,1.0
117,59,1.0
117,60,0.0
117,61,1.0
117,62,1.0
117,63,1.0
117,64,1.0
117,65,1.0
117,66,0.0
117,67,1.0
117,68,1.0
117,69,1.0
117,70,1.0
117,71,0.0
117,72,1.0
117,73,1.0
117,74,1.0
117,75,1.0
117,76,1.0
117,77,1.0
117,78,1.0
117,79,1.0
117,80,0.0
117,81,1.0
117,82,1.0
118,0,0.0
118,1,0.0
118,2,0.0
118,3,1.0
118,4,0.0
118,5,0.0
118,6,0.0
118,7,0.0
118,8,0.0
118,9,0.0
118,10,0.0
118,11,1.0
118,12,0.0
118,13,0.0
118,14,0.0
118,15,0.0
118,16,0.0
118,17,0.0
118,18,0.0
118,19,0.0
118,20,0.0
118,21,1.0
118,22,0.0
118,23,0.0
118,24,0.0
118,25,0.0
118,26,1.0
118,27,1.0
118,28,1.0
118,29,1.0
118,30,1.0
118,31,1.0
118,32,1.0
118,33,1.0
118,34,1.0
118,35,1.0
118,36,1.0
118,37,1.0
118,38,1.0
118,39,1.0
118,40,1.0
118,41,1.0
118,42,1.0
118,43,1.0
118,44,1.0
118,45,0.0
118,46,1.0
118,47,0.0
118,48,1.0
118,49,1.0
118,50,0.0
118,51,0.0
118,52,1.0
118,53,1.0
118,54,0.0
118,55,0.0
118,56,0.0
118,57,1.0
118,58,1.0
118,59,0.0
118,60,1.0
118,61,1.0
118,62,1.0
118,63,1.0
118,64,1.0
118,65,1.0
118,66,0.0
118,67,0.0
118,68,1.0
118,69,0.0
118,70,0.0
118,71,0.0
118,72,0.0
118,73,0.0
118,74,0.0
118,75,0.0
118,76,1.0
118,77,0.0
118,78,0.0
118,79,1.0
118,80,0.0
118,81,1.0
118,82,1.0
119,0,0.0
119,1,0.0
119,2,1.0
119,3,0.0
119,4,0.0
119,5,0.0
119,6,0.0
119,7,0.0
119,8,0.0
119,9,0.0
119,10,0.0
119,11,0.0
119,12,0.0
119,13,1.0
119,14,0.0
119,15,0.0
119,16,0.0
119,17,0.0
119,18,1.0
119,19,1.0
119,20,0.0
119,21,1.0
119,22,0.0
119,23,0.0
119,24,0.0
119,25,0.0
119,26,1.0
119,27,1.0
119,28,1.0
119,29,1.0
119,30,1.0
119,31,1.0
119,32,1.0
119,33,1.0
119,34,1.0
119,35,1.0
119,36,1.0
119,37,1.0
119,38,1.0
119,39,1.0
119,40,1.0
119,41,1.0
119,42,1.0
119,43,1.0
119,44,1.0
119,45,0.0
119,46,1.0
119,47,0.0
119,48,0.0
119,49,1.0
119,50,0.0
119,51,1.0
119,52,1.0
119,53,0.0
119,54,0.0
119,55,0.0
119,56,0.0
119,57,0.0
119,58,0.0
119,59,1.0
119,60,0.0
119,61,0.0
119,62,0.0
119,63,0.0
119,64,1.0
119,65,1.0
119,66,0.0
119,67,0.0
119,68,0.0
119,69,0.0
119,70,0.0
119,71,0.0
119,72,0.0
119,73,1.0
119,74,0.0
119,75,0.0
119,76,1.0
119,77,0.0
119,78,0.0
119,79,0.0
119,80,0.0
119,81,0.0
119,82,1.0
