item_id,knowledge_code
0,[293]
1,[78]
2,[78]
3,[391]
4,[293]
5,[12]
6,[293]
7,[12]
8,[12]
9,[293]
10,[12]
11,[30]
12,[30]
13,[30]
14,"[30, 391]"
15,[12]
16,[30]
17,[30]
18,[391]
19,[391]
20,[68]
21,[309]
22,[177]
23,[177]
24,[177]
25,[309]
26,[309]
27,[309]
28,[177]
29,[177]
30,[177]
31,[60]
32,[177]
33,[177]
34,[177]
35,[177]
36,[177]
37,[177]
38,[177]
39,[177]
40,[177]
41,[177]
42,[177]
43,[177]
44,[30]
45,[391]
46,[12]
47,[12]
48,[78]
49,[78]
50,[391]
51,[30]
52,[439]
53,[68]
54,[177]
55,[68]
56,[68]
57,[177]
58,[68]
59,[177]
60,[177]
61,[177]
62,[177]
63,[68]
64,[68]
65,[68]
66,[309]
67,[309]
68,[68]
69,[177]
70,[177]
71,[68]
72,[4]
73,[225]
74,[362]
75,[362]
76,[444]
77,[270]
78,[452]
79,[43]
80,[27]
81,[406]
82,[277]
83,[115]
84,[197]
85,[462]
86,[180]
87,[142]
88,[217]
89,[260]
90,[449]
91,[460]
92,[346]
93,[197]
94,[341]
95,[460]
96,[346]
97,[221]
98,[277]
99,[460]
100,[460]
101,[425]
102,[126]
103,[346]
104,[20]
105,[180]
106,[361]
107,[197]
108,[20]
109,[444]
110,[27]
111,[221]
112,[346]
113,[462]
114,[139]
115,[139]
116,[69]
117,[142]
118,[197]
119,[142]
120,[314]
121,[406]
122,[450]
123,[361]
124,[33]
125,[221]
126,[115]
127,[444]
128,[346]
129,[33]
130,[260]
131,[200]
132,[56]
133,[346]
134,[221]
135,[444]
136,[90]
137,[117]
138,[193]
139,[193]
140,[312]
141,"[475, 468]"
142,[312]
143,[167]
144,[360]
145,[360]
146,[90]
147,[171]
148,[171]
149,[171]
150,[399]
151,[8]
152,[267]
153,[300]
154,[360]
155,[360]
156,[17]
157,[171]
158,[454]
159,[454]
160,[443]
161,[117]
162,[178]
163,[199]
164,[428]
165,[285]
166,[428]
167,[285]
168,[428]
169,[199]
170,[199]
171,[428]
172,[428]
173,[199]
174,[285]
175,[428]
176,[428]
177,[285]
178,[428]
179,[428]
180,[252]
181,[428]
182,[285]
183,[428]
184,[428]
185,[428]
186,[428]
187,[199]
188,[199]
189,[285]
190,[199]
191,[285]
192,[199]
193,[199]
194,[428]
195,[285]
196,[199]
197,[285]
198,[285]
199,[285]
200,[285]
201,[428]
202,[199]
203,[199]
204,[285]
205,[285]
206,[428]
207,[428]
208,[285]
209,[199]
210,[252]
211,[428]
212,[428]
213,[285]
214,[428]
215,[428]
216,[199]
217,[428]
218,[252]
219,[428]
220,[285]
221,[252]
222,[285]
223,[428]
224,[428]
225,[252]
226,[285]
227,[428]
228,[165]
229,[407]
230,[444]
231,[43]
232,[352]
233,[435]
234,[91]
235,[79]
236,[395]
237,[380]
238,[444]
239,[126]
240,[91]
241,[407]
242,[165]
243,[319]
244,[447]
245,[447]
246,[407]
247,[79]
248,[395]
249,[380]
250,[319]
251,[407]
252,[91]
253,[165]
254,[435]
255,[395]
256,[447]
257,[389]
258,[312]
259,[312]
260,[41]
261,[382]
262,[312]
263,[400]
264,[238]
265,[238]
266,[166]
267,[32]
268,[32]
269,[443]
270,[443]
271,[443]
272,[312]
273,[14]
274,[281]
275,[468]
276,[14]
277,[396]
278,[422]
279,[269]
280,[281]
281,[117]
282,[436]
283,[343]
284,[398]
285,[475]
286,[422]
287,[281]
288,[422]
289,[468]
290,[117]
291,"[422, 181]"
292,[475]
293,[90]
294,[90]
295,[178]
296,[178]
297,[178]
298,[177]
299,[178]
300,[178]
301,[178]
302,[178]
303,[178]
304,[178]
305,[178]
306,[178]
307,[178]
308,[178]
309,[178]
310,[178]
311,[152]
312,[178]
313,[312]
314,[312]
315,[312]
316,[312]
317,[312]
318,[312]
319,[378]
320,[454]
321,[454]
322,[454]
323,[248]
324,[330]
325,[443]
326,[358]
327,[330]
328,[469]
329,[36]
330,[145]
331,[470]
332,[470]
333,[278]
334,[36]
335,[248]
336,[284]
337,[284]
338,[81]
339,[81]
340,[96]
341,[81]
342,[81]
343,[454]
344,[311]
345,[131]
346,[454]
347,[454]
348,[131]
349,[81]
350,[129]
351,[387]
352,[237]
353,[23]
354,[172]
355,[307]
356,[318]
357,[220]
358,[279]
359,[345]
360,[387]
361,[454]
362,[220]
363,[243]
364,[318]
365,[454]
366,[243]
367,[156]
368,[129]
369,[237]
370,[443]
371,[437]
372,[279]
373,[318]
374,[129]
375,[23]
376,[220]
377,[443]
378,[387]
379,[237]
380,[387]
381,[135]
382,[243]
383,[454]
384,[23]
385,[220]
386,[318]
387,[307]
388,[318]
389,[437]
390,[133]
391,[172]
392,[237]
393,[318]
394,[387]
395,[185]
396,[437]
397,[387]
398,[129]
399,[156]
400,[387]
401,[129]
402,[237]
403,[129]
404,[307]
405,[129]
406,[129]
407,[237]
408,[387]
409,[437]
410,[133]
411,[237]
412,[387]
413,[172]
414,[458]
415,[156]
416,[454]
417,[243]
418,[23]
419,[172]
420,[443]
421,[23]
422,[129]
423,[318]
424,[318]
425,[318]
426,[237]
427,[237]
428,[220]
429,[318]
430,[129]
431,[318]
432,[237]
433,[129]
434,[237]
435,[129]
436,[318]
437,[318]
438,[237]
439,[237]
440,[237]
441,[318]
442,[237]
443,[237]
444,[237]
445,[129]
446,[129]
447,[237]
448,[318]
449,[237]
450,[237]
451,[318]
452,[129]
453,[318]
454,[318]
455,[237]
456,[318]
457,[129]
458,[129]
459,[237]
460,[129]
461,[237]
462,[318]
463,[237]
464,[129]
465,[237]
466,[237]
467,[237]
468,[318]
469,[129]
470,[318]
471,[129]
472,[318]
473,[318]
474,[129]
475,[318]
476,[318]
477,[237]
478,[318]
479,[129]
480,[129]
481,[129]
482,[129]
483,[318]
484,[237]
485,[237]
486,[318]
487,[237]
488,[129]
489,[237]
490,[318]
491,[237]
492,[318]
493,[237]
494,[318]
495,[129]
496,[237]
497,[318]
498,[129]
499,[318]
500,[318]
501,[129]
502,[237]
503,[129]
504,[129]
505,[237]
506,[129]
507,[318]
508,[237]
509,[129]
510,[129]
511,[318]
512,[237]
513,[129]
514,[318]
515,[237]
516,[318]
517,[318]
518,[318]
519,[318]
520,[318]
521,[237]
522,[237]
523,[318]
524,[129]
525,[129]
526,[237]
527,[129]
528,[237]
529,[318]
530,[318]
531,[237]
532,[129]
533,[237]
534,[129]
535,[129]
536,[318]
537,[129]
538,[237]
539,[237]
540,[318]
541,[318]
542,[237]
543,[237]
544,[237]
545,[237]
546,[237]
547,[129]
548,[237]
549,[318]
550,[129]
551,[237]
552,[237]
553,[237]
554,[129]
555,[318]
556,[129]
557,[129]
558,[318]
559,[318]
560,[237]
561,[237]
562,[129]
563,[318]
564,[237]
565,[318]
566,[129]
567,[318]
568,[318]
569,[237]
570,[237]
571,[454]
572,[387]
573,[243]
574,[387]
575,[387]
576,[387]
577,[243]
578,[279]
579,[387]
580,[279]
581,[279]
582,[237]
583,[279]
584,[387]
585,[237]
586,[345]
587,[387]
588,[430]
589,[237]
590,[220]
591,[220]
592,[220]
593,[129]
594,[318]
595,[318]
596,[129]
597,[318]
598,[318]
599,[129]
600,[129]
601,[220]
602,[220]
603,[129]
604,[220]
605,[220]
606,[318]
607,[220]
608,[220]
609,[220]
610,[220]
611,[318]
612,[318]
613,[220]
614,[129]
615,[129]
616,[220]
617,[318]
618,[318]
619,[129]
620,[220]
621,[129]
622,[318]
623,[129]
624,[346]
625,[303]
626,[346]
627,[346]
628,[460]
629,[314]
630,[33]
631,[33]
632,[33]
633,[33]
634,[406]
635,[33]
636,[116]
637,[197]
638,[197]
639,[116]
640,[116]
641,[245]
642,[62]
643,[390]
644,[62]
645,[316]
646,[453]
647,[316]
648,[116]
649,[425]
650,[200]
651,[3]
652,[428]
653,[189]
654,[25]
655,[25]
656,[56]
657,[401]
658,[27]
659,[78]
660,[346]
661,[346]
662,[27]
663,[346]
664,[302]
665,[221]
666,[346]
667,[180]
668,[346]
669,"[449, 425]"
670,[62]
671,[346]
672,[449]
673,[314]
674,[346]
675,[285]
676,[460]
677,[270]
678,[314]
679,[314]
680,[200]
681,[252]
682,[361]
683,[3]
684,[56]
685,[449]
686,[221]
687,[116]
688,[180]
689,[346]
690,[200]
691,[180]
692,[346]
693,[346]
694,[221]
695,[200]
696,[346]
697,[314]
698,[314]
699,[449]
700,[221]
701,[180]
702,[194]
703,[116]
704,[346]
705,[449]
706,[197]
707,[221]
708,[69]
709,[180]
710,[88]
711,[346]
712,[270]
713,[208]
714,[406]
715,[97]
716,[27]
717,[460]
718,[314]
719,[88]
720,[33]
721,[88]
722,[216]
723,[139]
724,[460]
725,[270]
726,[221]
727,[460]
728,[150]
729,[221]
730,[6]
731,[27]
732,[27]
733,[221]
734,[462]
735,[221]
736,[449]
737,[232]
738,[406]
739,[221]
740,[449]
741,[221]
742,[221]
743,[460]
744,[197]
745,[390]
746,[406]
747,[406]
748,[69]
749,[406]
750,[116]
751,[27]
752,[450]
753,[449]
754,[450]
755,[221]
756,[449]
757,[27]
758,[425]
759,[200]
760,[221]
761,[221]
762,[425]
763,[200]
764,[27]
765,[116]
766,[27]
767,[273]
768,[436]
769,[273]
770,[273]
771,[273]
772,"[312, 273]"
773,[273]
774,[443]
775,[312]
776,[312]
777,[116]
778,"[116, 449]"
779,[408]
780,[69]
781,[139]
782,[406]
783,[180]
784,[180]
785,[346]
786,[180]
787,[346]
788,[346]
789,[346]
790,[346]
791,[346]
792,[346]
793,[346]
794,[462]
795,[462]
796,[200]
797,[197]
798,[27]
799,[450]
800,[449]
801,[200]
802,[314]
803,[221]
804,[221]
805,[221]
806,[194]
807,[208]
808,[208]
809,[88]
810,[341]
811,[221]
812,[221]
813,[221]
814,[221]
815,[221]
816,[221]
817,[221]
818,[221]
819,[460]
820,[460]
821,[460]
822,[460]
823,[116]
824,[425]
825,[27]
826,[27]
827,[182]
828,[3]
829,[230]
830,[3]
831,[3]
832,[182]
833,[189]
834,[189]
835,[423]
836,[206]
837,[206]
838,[25]
839,[25]
840,[25]
841,[25]
842,[25]
843,[25]
844,[25]
845,[25]
846,[25]
847,[25]
848,[206]
849,[346]
850,[346]
851,[180]
852,[180]
853,[460]
854,[460]
855,[221]
856,[449]
857,[401]
858,[408]
859,[33]
860,[346]
861,[221]
862,[221]
863,[56]
864,[332]
865,[25]
866,[189]
867,[206]
868,[291]
869,[291]
870,[116]
871,[293]
872,[27]
873,[346]
874,[428]
875,[346]
876,[221]
877,[346]
878,[460]
879,[425]
880,[460]
881,[221]
882,[303]
883,[104]
884,[425]
885,[116]
886,[208]
887,[27]
888,[346]
889,[221]
890,[221]
891,[460]
892,[346]
893,[197]
894,[346]
895,[232]
896,[460]
897,[449]
898,[200]
899,[408]
900,[221]
901,[142]
902,[69]
903,[460]
904,[62]
905,"[41, 200]"
906,[453]
907,[443]
908,[443]
909,[443]
910,[443]
911,[443]
912,[443]
913,[443]
914,[443]
915,[443]
916,[443]
917,[443]
918,[443]
919,[443]
920,[443]
921,[443]
922,[443]
923,[443]
924,[443]
925,[443]
926,[443]
927,[443]
928,[443]
929,[443]
930,[443]
931,[443]
932,[443]
933,[443]
934,[443]
935,[443]
936,[443]
937,[443]
938,[443]
939,[443]
940,[159]
941,[14]
942,[362]
943,[362]
944,[312]
945,[167]
946,[378]
947,[362]
948,[167]
949,[49]
950,[5]
951,[393]
952,[459]
953,[144]
954,[25]
955,[459]
956,[25]
957,[285]
958,[393]
959,[117]
960,[404]
961,[459]
962,[333]
963,[117]
964,[144]
965,[5]
966,[117]
967,[117]
968,[117]
969,[117]
970,[117]
971,[5]
972,[117]
973,[345]
974,[117]
975,[430]
976,[117]
977,[117]
978,[118]
979,[117]
980,[117]
981,[117]
982,[5]
983,[117]
984,[117]
985,[5]
986,[117]
987,[117]
988,[5]
989,[117]
990,[430]
991,[117]
992,[117]
993,[117]
994,[117]
995,[117]
996,[25]
997,[117]
998,[117]
999,[117]
1000,[117]
1001,[25]
1002,[117]
1003,[117]
1004,[117]
1005,[293]
1006,"[78, 30]"
1007,[30]
1008,[30]
1009,[356]
1010,[12]
1011,[469]
1012,[41]
1013,[41]
1014,[389]
1015,[389]
1016,[12]
1017,[30]
1018,[30]
1019,[117]
1020,[5]
1021,[117]
1022,[117]
1023,[117]
1024,[117]
1025,[5]
1026,[5]
1027,[117]
1028,[117]
1029,[345]
1030,[118]
1031,[117]
1032,[117]
1033,[117]
1034,[430]
1035,[117]
1036,[117]
1037,[117]
1038,[117]
1039,[117]
1040,[117]
1041,[117]
1042,[285]
1043,[50]
1044,[144]
1045,[393]
1046,[90]
1047,[117]
1048,[117]
1049,[25]
1050,[25]
1051,[285]
1052,[333]
1053,[459]
1054,[117]
1055,[422]
1056,[269]
1057,[398]
1058,[282]
1059,[281]
1060,[320]
1061,[475]
1062,[436]
1063,[326]
1064,[320]
1065,"[14, 475]"
1066,"[468, 475]"
1067,[422]
1068,[312]
1069,[468]
1070,"[475, 273]"
1071,[326]
1072,[14]
1073,[475]
1074,[181]
1075,"[436, 398]"
1076,[326]
1077,[422]
1078,[422]
1079,[159]
1080,[436]
1081,[436]
1082,[320]
1083,[468]
1084,[141]
1085,[282]
1086,[137]
1087,[181]
1088,[475]
1089,[312]
1090,[436]
1091,[312]
1092,[312]
1093,[312]
1094,[312]
1095,[312]
1096,[312]
1097,[312]
1098,[312]
1099,[422]
1100,[422]
1101,[422]
1102,[422]
1103,[312]
1104,[312]
1105,[312]
1106,[312]
1107,[312]
1108,[436]
1109,[312]
1110,[312]
1111,[312]
1112,[193]
1113,"[137, 396]"
1114,[193]
1115,[193]
1116,[193]
1117,[193]
1118,[312]
1119,[312]
1120,[312]
1121,[312]
1122,[312]
1123,[312]
1124,[312]
1125,[422]
1126,[422]
1127,[312]
1128,[312]
1129,[312]
1130,[312]
1131,[193]
1132,[312]
1133,[193]
1134,[312]
1135,[193]
1136,[312]
1137,[193]
1138,[422]
1139,[312]
1140,[312]
1141,[312]
1142,[312]
1143,[312]
1144,[312]
1145,[312]
1146,[312]
1147,[422]
1148,[422]
1149,[422]
1150,[422]
1151,[422]
1152,[422]
1153,[422]
1154,[422]
1155,[422]
1156,[422]
1157,[422]
1158,[422]
1159,[422]
1160,[422]
1161,"[422, 273]"
1162,[312]
1163,[312]
1164,[312]
1165,[312]
1166,[312]
1167,[312]
1168,[312]
1169,[312]
1170,[312]
1171,"[312, 273]"
1172,[312]
1173,[312]
1174,[312]
1175,[444]
1176,[444]
1177,[115]
1178,[444]
1179,[228]
1180,"[126, 444]"
1181,[260]
1182,[228]
1183,[43]
1184,[115]
1185,[43]
1186,[277]
1187,[103]
1188,[43]
1189,[444]
1190,[444]
1191,[228]
1192,[260]
1193,[277]
1194,[444]
1195,[444]
1196,[103]
1197,[444]
1198,[444]
1199,[444]
1200,[444]
1201,"[444, 103]"
1202,[444]
1203,[126]
1204,[444]
1205,[346]
1206,[116]
1207,[260]
1208,[228]
1209,[444]
1210,[232]
1211,[97]
1212,[217]
1213,[180]
1214,[460]
1215,[460]
1216,[460]
1217,[221]
1218,[221]
1219,[221]
1220,[221]
1221,[221]
1222,[221]
1223,[221]
1224,[221]
1225,[221]
1226,[221]
1227,[221]
1228,[221]
1229,[221]
1230,[221]
1231,[221]
1232,[221]
1233,[260]
1234,[115]
1235,[228]
1236,[228]
1237,[346]
1238,[449]
1239,[245]
1240,[103]
1241,[346]
1242,[116]
1243,[228]
1244,[444]
1245,[460]
1246,[221]
1247,[330]
1248,[384]
1249,[81]
1250,[81]
1251,[81]
1252,[3]
1253,[81]
1254,[81]
1255,[81]
1256,[117]
1257,[454]
1258,[81]
1259,[454]
1260,[81]
1261,[117]
1262,[81]
1263,[81]
1264,[117]
1265,[117]
1266,[81]
1267,[81]
1268,[81]
1269,[81]
1270,[81]
1271,[81]
1272,[117]
1273,[81]
1274,[81]
1275,[81]
1276,[81]
1277,[23]
1278,[81]
1279,[81]
1280,[117]
1281,[81]
1282,[81]
1283,[81]
1284,[81]
1285,[230]
1286,[81]
1287,[81]
1288,[81]
1289,[81]
1290,[454]
1291,[81]
1292,[81]
1293,[81]
1294,[81]
1295,[81]
1296,[81]
1297,[171]
1298,[81]
1299,[81]
1300,[81]
1301,[81]
1302,[117]
1303,[81]
1304,[117]
1305,[171]
1306,[171]
1307,[171]
1308,[117]
1309,[171]
1310,[171]
1311,[117]
1312,[171]
1313,[260]
1314,[384]
1315,[214]
1316,[475]
1317,[326]
1318,[269]
1319,[281]
1320,[14]
1321,[312]
1322,[137]
1323,[281]
1324,[422]
1325,[343]
1326,[468]
1327,[436]
1328,[181]
1329,[281]
1330,[117]
1331,[422]
1332,[475]
1333,[90]
1334,[172]
1335,[345]
1336,[437]
1337,[420]
1338,[387]
1339,[387]
1340,[345]
1341,[133]
1342,[243]
1343,[458]
1344,[437]
1345,[156]
1346,[443]
1347,[437]
1348,[279]
1349,[135]
1350,[184]
1351,[387]
1352,[387]
1353,[133]
1354,[454]
1355,[387]
1356,[172]
1357,[387]
1358,[243]
1359,[318]
1360,[454]
1361,[387]
1362,[133]
1363,[243]
1364,[129]
1365,[237]
1366,[129]
1367,[318]
1368,[454]
1369,[437]
1370,[237]
1371,[455]
1372,[458]
1373,[443]
1374,[458]
1375,[214]
1376,[135]
1377,[437]
1378,[437]
1379,[454]
1380,[443]
1381,[440]
1382,[454]
1383,[172]
1384,[454]
1385,[454]
1386,[458]
1387,[437]
1388,[23]
1389,[437]
1390,[443]
1391,[279]
1392,[458]
1393,[172]
1394,[458]
1395,[387]
1396,[437]
1397,[430]
1398,[443]
1399,[23]
1400,[437]
1401,[1]
1402,[387]
1403,[23]
1404,[268]
1405,[437]
1406,[295]
1407,[362]
1408,"[295, 284]"
1409,[135]
1410,[443]
1411,[330]
1412,[387]
1413,[146]
1414,[387]
1415,[279]
1416,[458]
1417,[443]
1418,[437]
1419,[440]
1420,[437]
1421,[454]
1422,[387]
1423,[387]
1424,[387]
1425,[362]
1426,[454]
1427,[454]
1428,[440]
1429,[458]
1430,[437]
1431,[443]
1432,[454]
1433,[135]
1434,[454]
1435,[454]
1436,[454]
1437,[172]
1438,[443]
1439,[109]
1440,[214]
1441,[454]
1442,[362]
1443,[443]
1444,[430]
1445,[443]
1446,[437]
1447,[387]
1448,[362]
1449,[1]
1450,[387]
1451,[278]
1452,[440]
1453,[454]
1454,[23]
1455,[1]
1456,[146]
1457,[135]
1458,[437]
1459,[454]
1460,[454]
1461,[268]
1462,[454]
1463,[443]
1464,[214]
1465,[23]
1466,[458]
1467,[279]
1468,[437]
1469,[387]
1470,[458]
1471,[323]
1472,[458]
1473,[344]
1474,[278]
1475,[278]
1476,[278]
1477,[278]
1478,[278]
1479,[1]
1480,[437]
1481,[437]
1482,[278]
1483,[278]
1484,[278]
1485,[278]
1486,[278]
1487,[278]
1488,[278]
1489,[278]
1490,[41]
1491,[389]
1492,[389]
1493,[41]
1494,[437]
1495,[437]
1496,[454]
1497,[443]
1498,[133]
1499,[437]
1500,[172]
1501,[345]
1502,[387]
1503,[420]
1504,[185]
1505,[437]
1506,[156]
1507,[443]
1508,[387]
1509,[387]
1510,[23]
1511,[387]
1512,[387]
1513,[237]
1514,[129]
1515,[237]
1516,[129]
1517,[172]
1518,[387]
1519,[454]
1520,[345]
1521,[387]
1522,[279]
1523,[387]
1524,[430]
1525,[129]
1526,[237]
1527,[23]
1528,[220]
1529,[443]
1530,[172]
1531,[437]
1532,[23]
1533,[23]
1534,[443]
1535,[443]
1536,[454]
1537,[345]
1538,[133]
1539,[420]
1540,[420]
1541,[133]
1542,[156]
1543,[133]
1544,[133]
1545,[220]
1546,[220]
1547,[220]
1548,[220]
1549,[220]
1550,[220]
1551,[220]
1552,[387]
1553,[387]
1554,[387]
1555,[387]
1556,[387]
1557,[387]
1558,[387]
1559,[387]
1560,[387]
1561,[387]
1562,[387]
1563,[387]
1564,[387]
1565,[387]
1566,[387]
1567,[387]
1568,[387]
1569,[387]
1570,[135]
1571,[135]
1572,[172]
1573,[172]
1574,[135]
1575,[135]
1576,[172]
1577,[135]
1578,[172]
1579,[172]
1580,[172]
1581,[458]
1582,[458]
1583,[458]
1584,[458]
1585,[172]
1586,[135]
1587,[135]
1588,[172]
1589,[172]
1590,[172]
1591,[172]
1592,[387]
1593,[420]
1594,[172]
1595,[387]
1596,[387]
1597,[243]
1598,[420]
1599,[437]
1600,[318]
1601,[184]
1602,[387]
1603,[318]
1604,[437]
1605,[237]
1606,[346]
1607,[261]
1608,[88]
1609,[153]
1610,[216]
1611,[56]
1612,[316]
1613,[148]
1614,[314]
1615,[361]
1616,[312]
1617,[238]
1618,[312]
1619,[312]
1620,[312]
1621,[312]
1622,[312]
1623,[312]
1624,[312]
1625,[312]
1626,[93]
1627,[422]
1628,[224]
1629,[224]
1630,[145]
1631,[117]
1632,"[384, 284]"
1633,[158]
1634,[41]
1635,[384]
1636,[224]
1637,[330]
1638,[41]
1639,[329]
1640,[224]
1641,[384]
1642,[330]
1643,"[338, 9]"
1644,"[41, 214]"
1645,[426]
1646,[262]
1647,[248]
1648,[149]
1649,[224]
1650,[106]
1651,[41]
1652,[243]
1653,[109]
1654,[435]
1655,[435]
1656,[435]
1657,[435]
1658,[435]
1659,[435]
1660,[435]
1661,[435]
1662,[435]
1663,[435]
1664,[435]
1665,[435]
1666,[435]
1667,[435]
1668,[435]
1669,[435]
1670,[435]
1671,[312]
1672,[437]
1673,[312]
1674,[312]
1675,[312]
1676,[312]
1677,[312]
1678,[460]
1679,[221]
1680,[197]
1681,[43]
1682,[444]
1683,[117]
1684,[14]
1685,[281]
1686,[475]
1687,[181]
1688,[14]
1689,[398]
1690,[475]
1691,[468]
1692,[436]
1693,"[475, 326]"
1694,[281]
1695,[422]
1696,[117]
1697,[312]
1698,[469]
1699,[255]
1700,[218]
1701,[172]
1702,[441]
1703,[296]
1704,[255]
1705,[442]
1706,[218]
1707,[218]
1708,[442]
1709,[442]
1710,[442]
1711,[255]
1712,[218]
1713,[255]
1714,[442]
1715,[172]
1716,[172]
1717,[442]
1718,[172]
1719,[172]
1720,[441]
1721,[172]
1722,[172]
1723,[172]
1724,[172]
1725,[172]
1726,[172]
1727,[206]
1728,[206]
1729,[423]
1730,[189]
1731,[25]
1732,[25]
1733,[25]
1734,[25]
1735,[25]
1736,[25]
1737,[25]
1738,[25]
1739,[25]
1740,[25]
1741,[189]
1742,[189]
1743,[189]
1744,[27]
1745,[346]
1746,[221]
1747,[230]
1748,[449]
1749,[444]
1750,[278]
1751,[248]
1752,[384]
1753,[384]
1754,[461]
1755,[304]
1756,[304]
1757,[304]
1758,[214]
1759,[214]
1760,[389]
1761,[278]
1762,[41]
1763,[41]
1764,[41]
1765,[41]
1766,[41]
1767,[45]
1768,[146]
1769,[158]
1770,[329]
1771,[158]
1772,[158]
1773,[329]
1774,[329]
1775,[426]
1776,[327]
1777,[327]
1778,[327]
1779,[389]
1780,[214]
1781,[356]
1782,[149]
1783,[329]
1784,[464]
1785,[41]
1786,[41]
1787,[405]
1788,[405]
1789,[389]
1790,[214]
1791,[327]
1792,[41]
1793,[120]
1794,[284]
1795,[384]
1796,[41]
1797,[109]
1798,[41]
1799,[329]
1800,[389]
1801,[356]
1802,[41]
1803,[384]
1804,[405]
1805,[384]
1806,[41]
1807,[469]
1808,[468]
1809,[312]
1810,[273]
1811,[137]
1812,[312]
1813,[312]
1814,[468]
1815,[468]
1816,[132]
1817,[36]
1818,[347]
1819,[378]
1820,[312]
1821,[312]
1822,[468]
1823,[312]
1824,[46]
1825,[405]
1826,[362]
1827,[464]
1828,[41]
1829,[378]
1830,[167]
1831,[167]
1832,[382]
1833,[362]
1834,[362]
1835,[273]
1836,[382]
1837,[41]
1838,[273]
1839,[273]
1840,[46]
1841,[371]
1842,[378]
1843,[99]
1844,[386]
1845,[267]
1846,[289]
1847,[312]
1848,[431]
1849,[312]
1850,[312]
1851,[312]
1852,[436]
1853,[468]
1854,[46]
1855,[273]
1856,[196]
1857,[347]
1858,[347]
1859,[422]
1860,[461]
1861,[312]
1862,[273]
1863,[273]
1864,[273]
1865,[81]
1866,[312]
1867,[137]
1868,[347]
1869,[312]
1870,[81]
1871,"[312, 273]"
1872,[90]
1873,[436]
1874,[468]
1875,[281]
1876,[14]
1877,[398]
1878,[269]
1879,[422]
1880,[14]
1881,[475]
1882,[468]
1883,[117]
1884,[343]
1885,[422]
1886,[422]
1887,"[41, 245]"
1888,[460]
1889,[221]
1890,[454]
1891,[454]
1892,[454]
1893,[454]
1894,[454]
1895,[454]
1896,[454]
1897,[454]
1898,[454]
1899,[454]
1900,[454]
1901,[454]
1902,[454]
1903,[454]
1904,[454]
1905,[454]
1906,[454]
1907,[454]
1908,[454]
1909,[454]
1910,[454]
1911,[454]
1912,[454]
1913,[454]
1914,[454]
1915,[454]
1916,[454]
1917,[454]
1918,[221]
1919,[454]
1920,[454]
1921,[454]
1922,[454]
1923,[454]
1924,[454]
1925,[454]
1926,[454]
1927,[454]
1928,[454]
1929,[454]
1930,[454]
1931,[454]
1932,[454]
1933,[454]
1934,[454]
1935,[454]
1936,[454]
1937,[454]
1938,[454]
1939,[454]
1940,[454]
1941,[454]
1942,[454]
1943,[454]
1944,[454]
1945,[454]
1946,[454]
1947,[454]
1948,[454]
1949,[454]
1950,[454]
1951,[454]
1952,[454]
1953,[454]
1954,[454]
1955,[454]
1956,[454]
1957,[454]
1958,[454]
1959,[454]
1960,[454]
1961,[454]
1962,[454]
1963,[454]
1964,[454]
1965,[454]
1966,[454]
1967,[454]
1968,[454]
1969,[454]
1970,[454]
1971,[454]
1972,[454]
1973,[454]
1974,[454]
1975,[454]
1976,[454]
1977,[454]
1978,[454]
1979,[454]
1980,[454]
1981,[454]
1982,[454]
1983,[454]
1984,[454]
1985,[454]
1986,[454]
1987,[454]
1988,[454]
1989,[454]
1990,[454]
1991,[454]
1992,[454]
1993,[454]
1994,[454]
1995,[454]
1996,[454]
1997,[454]
1998,[111]
1999,[111]
2000,[111]
2001,[111]
2002,[111]
2003,[5]
2004,[111]
2005,[111]
2006,[111]
2007,[454]
2008,"[230, 3]"
2009,[230]
2010,[285]
2011,[111]
2012,[111]
2013,[111]
2014,[111]
2015,[111]
2016,[111]
2017,[111]
2018,[111]
2019,[162]
2020,[137]
2021,[137]
2022,[137]
2023,[312]
2024,[385]
2025,[398]
2026,[396]
2027,[385]
2028,[246]
2029,[246]
2030,[371]
2031,[224]
2032,[224]
2033,[137]
2034,[38]
2035,[347]
2036,[347]
2037,[224]
2038,[312]
2039,[273]
2040,[121]
2041,[389]
2042,[422]
2043,[468]
2044,[120]
2045,[269]
2046,[343]
2047,[426]
2048,[443]
2049,[387]
2050,[387]
2051,[133]
2052,[458]
2053,[387]
2054,[387]
2055,[23]
2056,[437]
2057,[387]
2058,[387]
2059,[318]
2060,[454]
2061,[133]
2062,[387]
2063,[23]
2064,[220]
2065,[243]
2066,[387]
2067,[430]
2068,[300]
2069,[300]
2070,[267]
2071,[360]
2072,[300]
2073,[360]
2074,[267]
2075,[159]
2076,[159]
2077,[300]
2078,[300]
2079,[267]
2080,[267]
2081,[267]
2082,[267]
2083,[267]
2084,[360]
2085,[17]
2086,[17]
2087,[300]
2088,[267]
2089,[17]
2090,[300]
2091,[8]
2092,[8]
2093,[267]
2094,[8]
2095,[360]
2096,[300]
2097,[360]
2098,[17]
2099,[267]
2100,[17]
2101,[8]
2102,[8]
2103,[300]
2104,[378]
2105,[363]
2106,[363]
2107,[363]
2108,[373]
2109,[363]
2110,[363]
2111,[373]
2112,[49]
2113,[363]
2114,[363]
2115,[363]
2116,[363]
2117,[363]
2118,[363]
2119,[294]
2120,[373]
2121,[84]
2122,[363]
2123,[363]
2124,[363]
2125,[363]
2126,[142]
2127,[56]
2128,[453]
2129,[217]
2130,[139]
2131,[224]
2132,[295]
2133,[118]
2134,[158]
2135,[389]
2136,[384]
2137,[211]
2138,[145]
2139,[158]
2140,[248]
2141,[384]
2142,[384]
2143,[224]
2144,[330]
2145,"[214, 284]"
2146,[389]
2147,[41]
2148,[117]
2149,[329]
2150,[134]
2151,[41]
2152,[426]
2153,[426]
2154,[279]
2155,[279]
2156,[437]
2157,[279]
2158,[437]
2159,[194]
2160,[449]
2161,[197]
2162,[221]
2163,[249]
2164,[167]
2165,[436]
2166,[436]
2167,"[421, 410]"
2168,[360]
2169,[360]
2170,[360]
2171,[362]
2172,[362]
2173,[360]
2174,[159]
2175,[360]
2176,[360]
2177,[8]
2178,[279]
2179,[458]
2180,[437]
2181,[443]
2182,[458]
2183,[23]
2184,[362]
2185,[454]
2186,[458]
2187,[362]
2188,[268]
2189,[443]
2190,[330]
2191,[23]
2192,[458]
2193,[454]
2194,[295]
2195,[146]
2196,[454]
2197,[387]
2198,[454]
2199,[437]
2200,[387]
2201,[387]
2202,[387]
2203,[135]
2204,[387]
2205,[458]
2206,[458]
2207,[454]
2208,[437]
2209,[454]
2210,[454]
2211,[454]
2212,[454]
2213,[454]
2214,[454]
2215,[454]
2216,[454]
2217,[454]
2218,[454]
2219,[454]
2220,[454]
2221,[454]
2222,[454]
2223,[454]
2224,[454]
2225,[437]
2226,[437]
2227,[437]
2228,[1]
2229,[437]
2230,[437]
2231,[437]
2232,[437]
2233,[443]
2234,[443]
2235,[443]
2236,[443]
2237,[443]
2238,[443]
2239,[443]
2240,[458]
2241,[458]
2242,[458]
2243,[458]
2244,[458]
2245,[458]
2246,[458]
2247,[458]
2248,[458]
2249,[440]
2250,[440]
2251,[440]
2252,[440]
2253,[149]
2254,[330]
2255,[389]
2256,[455]
2257,[41]
2258,[464]
2259,[454]
2260,[454]
2261,[454]
2262,[454]
2263,[454]
2264,[454]
2265,[454]
2266,[454]
2267,[454]
2268,[454]
2269,[454]
2270,[454]
2271,[437]
2272,[437]
2273,[1]
2274,[437]
2275,[437]
2276,[437]
2277,[437]
2278,[437]
2279,[437]
2280,[279]
2281,[430]
2282,[430]
2283,[430]
2284,[344]
2285,[443]
2286,[443]
2287,[443]
2288,[443]
2289,[443]
2290,[443]
2291,[443]
2292,[443]
2293,[443]
2294,[443]
2295,[23]
2296,[23]
2297,[23]
2298,[23]
2299,[443]
2300,[443]
2301,[443]
2302,[458]
2303,[458]
2304,[458]
2305,[458]
2306,[458]
2307,[458]
2308,[458]
2309,[458]
2310,[387]
2311,[387]
2312,[387]
2313,[387]
2314,[387]
2315,[387]
2316,[387]
2317,[387]
2318,[387]
2319,[387]
2320,[387]
2321,[387]
2322,[387]
2323,[387]
2324,[387]
2325,[387]
2326,[387]
2327,[387]
2328,[387]
2329,[387]
2330,[387]
2331,[387]
2332,[387]
2333,[440]
2334,[440]
2335,[440]
2336,[440]
2337,[268]
2338,[268]
2339,[268]
2340,[268]
2341,[268]
2342,[362]
2343,[167]
2344,[146]
2345,[109]
2346,[214]
2347,[149]
2348,[149]
2349,[135]
2350,[458]
2351,[458]
2352,[458]
2353,[458]
2354,[216]
2355,[291]
2356,[341]
2357,[33]
2358,[232]
2359,[194]
2360,[148]
2361,[27]
2362,[139]
2363,[56]
2364,[437]
2365,[437]
2366,[387]
2367,[384]
2368,[279]
2369,[279]
2370,[167]
2371,[458]
2372,[268]
2373,[278]
2374,[1]
2375,[454]
2376,[387]
2377,[443]
2378,[146]
2379,[437]
2380,[469]
2381,[180]
2382,[180]
2383,[180]
2384,[180]
2385,[180]
2386,[180]
2387,[387]
2388,[458]
2389,[440]
2390,[279]
2391,[284]
2392,[362]
2393,[279]
2394,[458]
2395,[454]
2396,[458]
2397,[437]
2398,[279]
2399,[1]
2400,[279]
2401,[387]
2402,[387]
2403,[387]
2404,[387]
2405,[291]
2406,[128]
2407,[449]
2408,[314]
2409,[437]
2410,[185]
2411,[443]
2412,[387]
2413,[387]
2414,[243]
2415,[156]
2416,[454]
2417,[454]
2418,[237]
2419,[318]
2420,[129]
2421,[156]
2422,[318]
2423,[237]
2424,[387]
2425,[437]
2426,[345]
2427,[387]
2428,[387]
2429,[454]
2430,[185]
2431,[437]
2432,[443]
2433,[437]
2434,[437]
2435,[279]
2436,[345]
2437,[243]
2438,[172]
2439,[172]
2440,[220]
2441,[387]
2442,[220]
2443,[318]
2444,[318]
2445,[318]
2446,[318]
2447,[318]
2448,[318]
2449,[318]
2450,[318]
2451,[318]
2452,[318]
2453,[387]
2454,[387]
2455,[387]
2456,[387]
2457,[387]
2458,[387]
2459,[387]
2460,[387]
2461,[387]
2462,[387]
2463,[387]
2464,[387]
2465,[387]
2466,[387]
2467,[387]
2468,[387]
2469,[387]
2470,[387]
2471,[387]
2472,[387]
2473,[387]
2474,[237]
2475,[237]
2476,[237]
2477,[129]
2478,[129]
2479,[129]
2480,[129]
2481,[129]
2482,[277]
2483,[115]
2484,[378]
2485,[362]
2486,[378]
2487,[249]
2488,[267]
2489,[300]
2490,[300]
2491,[267]
2492,[267]
2493,"[360, 17]"
2494,[360]
2495,[17]
2496,[167]
2497,[300]
2498,[267]
2499,[267]
2500,[360]
2501,[360]
2502,[17]
2503,"[17, 360]"
2504,[360]
2505,[378]
2506,[267]
2507,[436]
2508,"[326, 475]"
2509,[282]
2510,[226]
2511,[181]
2512,[436]
2513,[42]
2514,[475]
2515,[195]
2516,[398]
2517,[272]
2518,[272]
2519,[300]
2520,"[300, 267]"
2521,[360]
2522,[360]
2523,[267]
2524,[17]
2525,[360]
2526,[310]
2527,[138]
2528,[138]
2529,[363]
2530,[84]
2531,[378]
2532,[362]
2533,[362]
2534,[300]
2535,[378]
2536,[267]
2537,[138]
2538,[300]
2539,[267]
2540,[378]
2541,[360]
2542,"[360, 17]"
2543,[360]
2544,[360]
2545,[360]
2546,[17]
2547,[267]
2548,[300]
2549,"[300, 267]"
2550,[300]
2551,[360]
2552,[360]
2553,[17]
2554,[17]
2555,[368]
2556,[310]
2557,[44]
2558,[44]
2559,[473]
2560,[473]
2561,[84]
2562,[84]
2563,[378]
2564,[378]
2565,[378]
2566,[17]
2567,[17]
2568,[17]
2569,[378]
2570,[378]
2571,[8]
2572,[267]
2573,[17]
2574,[473]
2575,[227]
2576,[294]
2577,[373]
2578,[363]
2579,[44]
2580,[312]
2581,[44]
2582,[261]
2583,[3]
2584,[230]
2585,[230]
2586,[122]
2587,"[209, 122]"
2588,[148]
2589,[56]
2590,[139]
2591,[422]
2592,[5]
2593,[5]
2594,[5]
2595,[3]
2596,[3]
2597,[230]
2598,[230]
2599,[230]
2600,[230]
2601,[230]
2602,[25]
2603,[25]
2604,[25]
2605,[189]
2606,[25]
2607,[25]
2608,[285]
2609,[428]
2610,[252]
2611,[285]
2612,[252]
2613,[428]
2614,[252]
2615,[291]
2616,[189]
2617,[56]
2618,[167]
2619,[312]
2620,[312]
2621,[312]
2622,[312]
2623,[312]
2624,[312]
2625,[312]
2626,[312]
2627,[312]
2628,[303]
2629,[185]
2630,[303]
2631,[303]
2632,[185]
2633,[303]
2634,[303]
2635,[378]
2636,[378]
2637,[378]
2638,[167]
2639,[167]
2640,[249]
2641,[167]
2642,[436]
2643,[454]
2644,[454]
2645,[323]
2646,[159]
2647,[454]
2648,[285]
2649,[162]
2650,[167]
2651,[167]
2652,[167]
2653,[167]
2654,[167]
2655,[167]
2656,[167]
2657,[167]
2658,[167]
2659,[167]
2660,[167]
2661,[167]
2662,[167]
2663,[167]
2664,[167]
2665,[167]
2666,[167]
2667,[167]
2668,[167]
2669,[167]
2670,[167]
2671,[167]
2672,"[167, 249]"
2673,[362]
2674,"[167, 249]"
2675,[167]
2676,[167]
2677,[167]
2678,[167]
2679,"[167, 267]"
2680,[167]
2681,[167]
2682,[167]
2683,[378]
2684,[167]
2685,[167]
2686,[167]
2687,[167]
2688,[167]
2689,[167]
2690,[167]
2691,[167]
2692,[167]
2693,[167]
2694,[167]
2695,[167]
2696,[167]
2697,[378]
2698,[167]
2699,[378]
2700,[108]
2701,[159]
2702,[219]
2703,[159]
2704,[239]
2705,[99]
2706,"[108, 368]"
2707,[99]
2708,[108]
2709,[343]
2710,[108]
2711,[99]
2712,[335]
2713,[335]
2714,[108]
2715,[108]
2716,[108]
2717,[159]
2718,[239]
2719,[159]
2720,[99]
2721,[219]
2722,[219]
2723,[335]
2724,[108]
2725,[335]
2726,[159]
2727,[410]
2728,[108]
2729,[108]
2730,"[108, 368]"
2731,[108]
2732,[108]
2733,[108]
2734,[335]
2735,[108]
2736,[239]
2737,[335]
2738,[248]
2739,[281]
2740,[281]
2741,[312]
2742,[181]
2743,[436]
2744,[117]
2745,[468]
2746,"[281, 468]"
2747,[137]
2748,[475]
2749,[269]
2750,[14]
2751,[422]
2752,[320]
2753,[153]
2754,[437]
2755,[279]
2756,[437]
2757,[227]
2758,[373]
2759,[473]
2760,[373]
2761,[373]
2762,[294]
2763,[363]
2764,[227]
2765,[473]
2766,[294]
2767,[227]
2768,[363]
2769,[363]
2770,[363]
2771,[373]
2772,[435]
2773,[437]
2774,[437]
2775,[437]
2776,[437]
2777,[437]
2778,[279]
2779,[279]
2780,[279]
2781,[279]
2782,[387]
2783,[430]
2784,[387]
2785,[443]
2786,[443]
2787,[443]
2788,[23]
2789,[430]
2790,[430]
2791,[387]
2792,[387]
2793,[443]
2794,[443]
2795,[23]
2796,[345]
2797,[345]
2798,[345]
2799,[243]
2800,[443]
2801,[443]
2802,[443]
2803,[443]
2804,[443]
2805,[309]
2806,[443]
2807,[23]
2808,[23]
2809,[443]
2810,[443]
2811,[443]
2812,[443]
2813,[443]
2814,[443]
2815,[454]
2816,[430]
2817,[243]
2818,[243]
2819,[243]
2820,[443]
2821,[443]
2822,[443]
2823,[443]
2824,[443]
2825,[443]
2826,[437]
2827,[279]
2828,[437]
2829,[437]
2830,[279]
2831,[279]
2832,[279]
2833,[279]
2834,[279]
2835,[437]
2836,[279]
2837,[279]
2838,[437]
2839,[437]
2840,[279]
2841,[279]
2842,[437]
2843,[279]
2844,[279]
2845,[279]
2846,[437]
2847,[437]
2848,[437]
2849,[436]
2850,[422]
2851,[226]
2852,[120]
2853,[362]
2854,[362]
2855,[378]
2856,[362]
2857,[362]
2858,[362]
2859,[178]
2860,[178]
2861,[178]
2862,[257]
2863,[277]
2864,[129]
2865,[156]
2866,[420]
2867,[184]
2868,[133]
2869,[156]
2870,[133]
2871,[184]
2872,[133]
2873,[133]
2874,[25]
2875,[459]
2876,[459]
2877,[25]
2878,[117]
2879,[345]
2880,[117]
2881,[5]
2882,[117]
2883,[117]
2884,[430]
2885,[117]
2886,[5]
2887,[117]
2888,[117]
2889,[117]
2890,[430]
2891,[117]
2892,[117]
2893,[117]
2894,[117]
2895,[144]
2896,[337]
2897,[117]
2898,[117]
2899,[117]
2900,[3]
2901,[209]
2902,[117]
2903,[5]
2904,[117]
2905,[25]
2906,[3]
2907,[199]
2908,[117]
2909,[117]
2910,[117]
2911,[117]
2912,[115]
2913,[277]
2914,[189]
2915,[25]
2916,[5]
2917,[206]
2918,[97]
2919,[33]
2920,[449]
2921,[285]
2922,[221]
2923,[449]
2924,[240]
2925,[27]
2926,[279]
2927,[437]
2928,[279]
2929,[1]
2930,[443]
2931,[387]
2932,[443]
2933,[387]
2934,[387]
2935,[387]
2936,[387]
2937,[387]
2938,[387]
2939,[387]
2940,[312]
2941,[312]
2942,[312]
2943,[181]
2944,[312]
2945,[149]
2946,[181]
2947,[181]
2948,[422]
2949,[181]
2950,[422]
2951,[422]
2952,[422]
2953,[422]
2954,[193]
2955,[436]
2956,[181]
2957,[36]
2958,[312]
2959,[422]
2960,[422]
2961,[422]
2962,[181]
2963,[181]
2964,[422]
2965,[422]
2966,[181]
2967,[181]
2968,[181]
2969,[181]
2970,[422]
2971,[312]
2972,[181]
2973,[181]
2974,[181]
2975,[181]
2976,[181]
2977,[181]
2978,[181]
2979,[181]
2980,[181]
2981,[181]
2982,[422]
2983,[422]
2984,[116]
2985,[447]
2986,[428]
2987,[412]
2988,[412]
2989,[412]
2990,[206]
2991,[209]
2992,[352]
2993,[395]
2994,[71]
2995,[230]
2996,[412]
2997,[118]
2998,[117]
2999,[435]
3000,[79]
3001,[189]
3002,[182]
3003,[118]
3004,[412]
3005,[91]
3006,[435]
3007,[230]
3008,[412]
3009,[118]
3010,[25]
3011,[428]
3012,[435]
3013,[352]
3014,[189]
3015,[5]
3016,[155]
3017,[395]
3018,[122]
3019,[412]
3020,[118]
3021,[230]
3022,[117]
3023,[412]
3024,[435]
3025,[395]
3026,[435]
3027,[423]
3028,[206]
3029,[182]
3030,[412]
3031,[447]
3032,[25]
3033,[416]
3034,[412]
3035,[412]
3036,[412]
3037,[25]
3038,"[312, 23]"
3039,[422]
3040,[436]
3041,[436]
3042,[141]
3043,[422]
3044,[343]
3045,[141]
3046,[422]
3047,[422]
3048,"[422, 273]"
3049,[422]
3050,"[343, 141]"
3051,[320]
3052,"[269, 273]"
3053,[269]
3054,[269]
3055,[269]
3056,[269]
3057,[422]
3058,[422]
3059,[422]
3060,[422]
3061,[422]
3062,[422]
3063,[422]
3064,[422]
3065,[422]
3066,[422]
3067,[422]
3068,[422]
3069,"[422, 273]"
3070,"[422, 273]"
3071,[181]
3072,[422]
3073,[422]
3074,[422]
3075,[422]
3076,[422]
3077,[422]
3078,[422]
3079,[422]
3080,[422]
3081,[422]
3082,[422]
3083,[422]
3084,[422]
3085,[422]
3086,[422]
3087,[422]
3088,[422]
3089,[181]
3090,[181]
3091,[181]
3092,[181]
3093,[181]
3094,[181]
3095,[181]
3096,[181]
3097,[181]
3098,[181]
3099,[422]
3100,[422]
3101,[181]
3102,[422]
3103,[181]
3104,[422]
3105,[422]
3106,[181]
3107,[422]
3108,[181]
3109,[422]
3110,[422]
3111,[181]
3112,[422]
3113,[422]
3114,[422]
3115,[422]
3116,[422]
3117,[422]
3118,[422]
3119,[422]
3120,[422]
3121,[422]
3122,[422]
3123,[422]
3124,[422]
3125,[181]
3126,[422]
3127,[422]
3128,[422]
3129,[422]
3130,[422]
3131,[422]
3132,[181]
3133,[422]
3134,[181]
3135,[422]
3136,[422]
3137,[422]
3138,[181]
3139,[422]
3140,[181]
3141,[181]
3142,[181]
3143,[181]
3144,[269]
3145,[269]
3146,[269]
3147,[269]
3148,[269]
3149,[269]
3150,[269]
3151,[282]
3152,[269]
3153,[269]
3154,[269]
3155,[269]
3156,[269]
3157,[269]
3158,[282]
3159,[282]
3160,[282]
3161,[269]
3162,[269]
3163,"[269, 320, 141]"
3164,"[269, 320]"
3165,"[269, 343]"
3166,[282]
3167,[282]
3168,"[320, 282]"
3169,"[269, 436]"
3170,[269]
3171,[269]
3172,[269]
3173,[269]
3174,[269]
3175,[269]
3176,[269]
3177,[269]
3178,[269]
3179,[269]
3180,[269]
3181,[269]
3182,[269]
3183,[269]
3184,[282]
3185,[269]
3186,[269]
3187,[269]
3188,[282]
3189,[269]
3190,[282]
3191,[282]
3192,[282]
3193,[269]
3194,[282]
3195,[269]
3196,[269]
3197,[282]
3198,[282]
3199,[269]
3200,[269]
3201,[269]
3202,[269]
3203,[269]
3204,[269]
3205,[269]
3206,[269]
3207,[269]
3208,[269]
3209,[269]
3210,[282]
3211,[282]
3212,[269]
3213,[269]
3214,[282]
3215,[282]
3216,[282]
3217,[269]
3218,[269]
3219,[269]
3220,[282]
3221,[282]
3222,[282]
3223,[269]
3224,[269]
3225,[269]
3226,[269]
3227,[269]
3228,[269]
3229,[282]
3230,[343]
3231,[343]
3232,"[422, 320]"
3233,"[436, 343]"
3234,"[320, 436, 398]"
3235,[343]
3236,[320]
3237,[343]
3238,[320]
3239,[320]
3240,[343]
3241,[320]
3242,[343]
3243,[320]
3244,[320]
3245,[320]
3246,[320]
3247,[320]
3248,[320]
3249,[343]
3250,[141]
3251,"[343, 281]"
3252,"[320, 281]"
3253,"[320, 281]"
3254,[320]
3255,[320]
3256,[343]
3257,[343]
3258,[343]
3259,"[422, 343]"
3260,"[141, 320]"
3261,[320]
3262,[343]
3263,[343]
3264,[343]
3265,[320]
3266,[343]
3267,[320]
3268,[343]
3269,[343]
3270,[343]
3271,[343]
3272,[343]
3273,[320]
3274,[141]
3275,[343]
3276,[343]
3277,[343]
3278,"[422, 343]"
3279,[343]
3280,[320]
3281,[343]
3282,[320]
3283,"[320, 343]"
3284,[320]
3285,[320]
3286,[343]
3287,[320]
3288,[343]
3289,[343]
3290,[320]
3291,[320]
3292,[343]
3293,[343]
3294,[320]
3295,[320]
3296,[320]
3297,[320]
3298,[320]
3299,"[141, 320]"
3300,[343]
3301,[343]
3302,[320]
3303,"[141, 320]"
3304,[320]
3305,"[141, 320]"
3306,"[141, 320]"
3307,[343]
3308,[343]
3309,"[320, 141]"
3310,[343]
3311,"[343, 320]"
3312,[320]
3313,"[320, 343]"
3314,[320]
3315,[269]
3316,[422]
3317,[269]
3318,"[422, 343]"
3319,[312]
3320,[436]
3321,[422]
3322,[436]
3323,[398]
3324,[312]
3325,[312]
3326,[422]
3327,[436]
3328,[181]
3329,[422]
3330,[343]
3331,[181]
3332,[343]
3333,[282]
3334,[320]
3335,[387]
3336,[440]
3337,[443]
3338,[248]
3339,[363]
3340,[1]
3341,[454]
3342,[440]
3343,[430]
3344,[344]
3345,[454]
3346,[387]
3347,[387]
3348,[387]
3349,[387]
3350,[387]
3351,[387]
3352,[387]
3353,[387]
3354,[99]
3355,[239]
3356,[99]
3357,[99]
3358,[219]
3359,[159]
3360,"[335, 378]"
3361,[219]
3362,[219]
3363,[335]
3364,[335]
3365,[159]
3366,[108]
3367,[159]
3368,[99]
3369,[108]
3370,[108]
3371,[108]
3372,[335]
3373,[335]
3374,[335]
3375,[232]
3376,[312]
3377,[422]
3378,[422]
3379,[422]
3380,[422]
3381,[422]
3382,[422]
3383,[422]
3384,[422]
3385,[422]
3386,[422]
3387,[422]
3388,[422]
3389,[422]
3390,[422]
3391,[181]
3392,[181]
3393,[282]
3394,[282]
3395,[269]
3396,[320]
3397,[343]
3398,[141]
3399,[343]
3400,[343]
3401,"[320, 343]"
3402,[14]
3403,[14]
3404,[326]
3405,[281]
3406,[436]
3407,[436]
3408,[436]
3409,[398]
3410,[436]
3411,[436]
3412,[475]
3413,[475]
3414,"[326, 475]"
3415,[41]
3416,"[312, 273]"
3417,[422]
3418,[422]
3419,[422]
3420,[422]
3421,[422]
3422,[422]
3423,[422]
3424,[422]
3425,[422]
3426,[422]
3427,[422]
3428,[422]
3429,[422]
3430,[422]
3431,[422]
3432,[181]
3433,[181]
3434,[269]
3435,[343]
3436,"[422, 320]"
3437,[343]
3438,[281]
3439,[14]
3440,[14]
3441,[281]
3442,[281]
3443,[436]
3444,[436]
3445,[436]
3446,[475]
3447,[475]
3448,[475]
3449,"[475, 14]"
3450,"[326, 475]"
3451,[475]
3452,[454]
3453,[454]
3454,[454]
3455,[454]
3456,[454]
3457,[454]
3458,[454]
3459,[117]
3460,[447]
3461,[380]
3462,[214]
3463,[41]
3464,[9]
3465,[384]
3466,[389]
3467,[214]
3468,[389]
3469,[214]
3470,[214]
3471,[214]
3472,[214]
3473,[214]
3474,[180]
3475,[25]
3476,[41]
3477,[41]
3478,[41]
3479,[389]
3480,[389]
3481,[41]
3482,[278]
3483,[389]
3484,[426]
3485,[426]
3486,[345]
3487,[214]
3488,[214]
3489,[214]
3490,[146]
3491,[214]
3492,[358]
3493,[377]
3494,[377]
3495,[214]
3496,[250]
3497,[146]
3498,[250]
3499,[389]
3500,[389]
3501,[356]
3502,[214]
3503,[146]
3504,[426]
3505,[426]
3506,[426]
3507,[325]
3508,[325]
3509,[325]
3510,[325]
3511,[325]
3512,[221]
3513,[437]
3514,[131]
3515,[454]
3516,[437]
3517,[418]
3518,[437]
3519,[81]
3520,[437]
3521,[221]
3522,[221]
3523,[221]
3524,[437]
3525,[221]
3526,[312]
3527,[221]
3528,[437]
3529,[81]
3530,[221]
3531,[454]
3532,[286]
3533,[437]
3534,[221]
3535,[81]
3536,[437]
3537,[454]
3538,[81]
3539,[454]
3540,[221]
3541,[437]
3542,[221]
3543,[437]
3544,[94]
3545,[418]
3546,[437]
3547,[312]
3548,[437]
3549,[454]
3550,[437]
3551,[111]
3552,[111]
3553,[111]
3554,[111]
3555,[288]
3556,[288]
3557,[288]
3558,[111]
3559,[111]
3560,[111]
3561,[111]
3562,[111]
3563,[111]
3564,[454]
3565,[96]
3566,[111]
3567,[111]
3568,[111]
3569,[111]
3570,[111]
3571,[111]
3572,[111]
3573,[111]
3574,[111]
3575,[111]
3576,[111]
3577,[111]
3578,[111]
3579,[111]
3580,[111]
3581,[111]
3582,[460]
3583,[346]
3584,[197]
3585,[197]
3586,[197]
3587,[449]
3588,[293]
3589,[12]
3590,[270]
3591,[153]
3592,[324]
3593,[215]
3594,[240]
3595,[27]
3596,[390]
3597,[62]
3598,[62]
3599,[232]
3600,[56]
3601,[148]
3602,[128]
3603,[82]
3604,[443]
3605,[454]
3606,[458]
3607,[443]
3608,[268]
3609,[458]
3610,[458]
3611,[386]
3612,[387]
3613,[387]
3614,[387]
3615,[387]
3616,[387]
3617,[387]
3618,[263]
3619,[263]
3620,[363]
3621,[267]
3622,[17]
3623,[434]
3624,[44]
3625,[44]
3626,[310]
3627,[372]
3628,[372]
3629,[392]
3630,[392]
3631,[413]
3632,[368]
3633,[367]
3634,[381]
3635,[381]
3636,[99]
3637,[99]
3638,[99]
3639,[275]
3640,[373]
3641,[49]
3642,[234]
3643,[234]
3644,[8]
3645,[360]
3646,[381]
3647,[294]
3648,[117]
3649,[117]
3650,[430]
3651,[117]
3652,[117]
3653,[118]
3654,[118]
3655,[117]
3656,[117]
3657,[117]
3658,[117]
3659,[5]
3660,[117]
3661,[360]
3662,[17]
3663,[8]
3664,[17]
3665,[17]
3666,[8]
3667,[360]
3668,[8]
3669,[17]
3670,[17]
3671,[8]
3672,[17]
3673,[17]
3674,[17]
3675,[17]
3676,[17]
3677,[17]
3678,[17]
3679,[17]
3680,[167]
3681,[167]
3682,[167]
3683,[167]
3684,[167]
3685,[159]
3686,[362]
3687,[362]
3688,[362]
3689,[378]
3690,[378]
3691,[362]
3692,[378]
3693,[378]
3694,[378]
3695,[378]
3696,[378]
3697,[378]
3698,[378]
3699,[305]
3700,[108]
3701,[378]
3702,[378]
3703,[378]
3704,[378]
3705,"[239, 378]"
3706,"[239, 378]"
3707,[335]
3708,[236]
3709,[17]
3710,[378]
3711,[239]
3712,[239]
3713,[108]
3714,[312]
3715,[239]
3716,[32]
3717,[22]
3718,[32]
3719,[419]
3720,[32]
3721,[32]
3722,[57]
3723,[57]
3724,[32]
3725,[57]
3726,[57]
3727,[32]
3728,[32]
3729,[32]
3730,[32]
3731,[57]
3732,[378]
3733,[378]
3734,[378]
3735,[378]
3736,[378]
3737,[378]
3738,[378]
3739,[378]
3740,[378]
3741,[378]
3742,[378]
3743,[312]
3744,[378]
3745,[378]
3746,[378]
3747,[378]
3748,[378]
3749,[378]
3750,[378]
3751,[378]
3752,[378]
3753,[378]
3754,[378]
3755,[378]
3756,[378]
3757,[378]
3758,[378]
3759,[378]
3760,[378]
3761,[378]
3762,[378]
3763,[378]
3764,[378]
3765,[378]
3766,[378]
3767,[378]
3768,[378]
3769,[378]
3770,[378]
3771,[378]
3772,[378]
3773,[378]
3774,[378]
3775,[70]
3776,[378]
3777,[378]
3778,[362]
3779,[362]
3780,[378]
3781,[378]
3782,[378]
3783,[378]
3784,[378]
3785,[389]
3786,[312]
3787,[389]
3788,[90]
3789,[90]
3790,[475]
3791,[137]
3792,[422]
3793,[475]
3794,[422]
3795,[14]
3796,[436]
3797,[281]
3798,[248]
3799,[269]
3800,[312]
3801,"[436, 273]"
3802,[137]
3803,"[422, 468]"
3804,[468]
3805,[312]
3806,[475]
3807,[281]
3808,[475]
3809,[422]
3810,[312]
3811,[365]
3812,[187]
3813,[42]
3814,"[320, 273]"
3815,[39]
3816,[16]
3817,[275]
3818,[335]
3819,[422]
3820,[422]
3821,[422]
3822,[312]
3823,[422]
3824,[26]
3825,[26]
3826,[422]
3827,[422]
3828,[389]
3829,[422]
3830,[384]
3831,[147]
3832,[454]
3833,[96]
3834,[312]
3835,[409]
3836,[312]
3837,[312]
3838,[162]
3839,[93]
3840,[422]
3841,[360]
3842,[360]
3843,[267]
3844,[17]
3845,[360]
3846,[300]
3847,[300]
3848,[300]
3849,[300]
3850,[360]
3851,[360]
3852,[112]
3853,"[300, 267]"
3854,[437]
3855,[129]
3856,[153]
3857,[454]
3858,[454]
3859,[454]
3860,[454]
3861,[454]
3862,[454]
3863,[454]
3864,[454]
3865,[454]
3866,[454]
3867,[454]
3868,[454]
3869,[454]
3870,[454]
3871,[454]
3872,[454]
3873,[454]
3874,[454]
3875,[454]
3876,[454]
3877,[454]
3878,[454]
3879,[454]
3880,[454]
3881,[454]
3882,[454]
3883,[454]
3884,[454]
3885,[454]
3886,[454]
3887,[454]
3888,[454]
3889,[454]
3890,[454]
3891,[454]
3892,[454]
3893,[454]
3894,[454]
3895,[454]
3896,[454]
3897,[454]
3898,[454]
3899,[454]
3900,[458]
3901,[443]
3902,[323]
3903,[387]
3904,[454]
3905,[384]
3906,[458]
3907,[363]
3908,[117]
3909,[117]
3910,[5]
3911,[117]
3912,[117]
3913,[5]
3914,[117]
3915,[117]
3916,[118]
3917,[384]
3918,[41]
3919,[109]
3920,[455]
3921,[214]
3922,[426]
3923,[426]
3924,[426]
3925,[426]
3926,[358]
3927,[384]
3928,[384]
3929,[384]
3930,[101]
3931,"[101, 58]"
3932,[41]
3933,"[214, 47]"
3934,[374]
3935,[374]
3936,[405]
3937,[330]
3938,[338]
3939,[36]
3940,[36]
3941,[9]
3942,[41]
3943,[389]
3944,[405]
3945,[145]
3946,[146]
3947,[214]
3948,[389]
3949,[214]
3950,[214]
3951,[409]
3952,[389]
3953,[389]
3954,[338]
3955,"[248, 464]"
3956,[224]
3957,[41]
3958,[214]
3959,[374]
3960,[384]
3961,[146]
3962,[214]
3963,[214]
3964,[214]
3965,[220]
3966,[220]
3967,[220]
3968,[415]
3969,[100]
3970,[35]
3971,[81]
3972,[378]
3973,[81]
3974,[81]
3975,[162]
3976,[81]
3977,[81]
3978,[81]
3979,[152]
3980,[81]
3981,[188]
3982,[81]
3983,[93]
3984,[81]
3985,[81]
3986,[288]
3987,[188]
3988,[81]
3989,[81]
3990,[81]
3991,[81]
3992,[81]
3993,[93]
3994,[81]
3995,[249]
3996,[300]
3997,[350]
3998,[167]
3999,[386]
4000,[360]
4001,[381]
4002,[8]
4003,[44]
4004,[138]
4005,[363]
4006,[167]
4007,[8]
4008,[360]
4009,[267]
4010,[221]
4011,[285]
4012,[422]
4013,[312]
4014,[281]
4015,[137]
4016,[14]
4017,[422]
4018,[281]
4019,[436]
4020,[90]
4021,[159]
4022,[239]
4023,[167]
4024,[159]
4025,[99]
4026,[99]
4027,[99]
4028,[335]
4029,[335]
4030,[219]
4031,[99]
4032,"[360, 421]"
4033,[117]
4034,[409]
4035,[214]
4036,"[384, 426, 358]"
4037,[117]
4038,[426]
4039,[262]
4040,[158]
4041,[389]
4042,[41]
4043,[358]
4044,[117]
4045,[248]
4046,[145]
4047,"[426, 358]"
4048,[214]
4049,[295]
4050,[146]
4051,[384]
4052,[454]
4053,[454]
4054,[454]
4055,[454]
4056,[237]
4057,[458]
4058,[189]
4059,[412]
4060,[5]
4061,[118]
4062,[285]
4063,[230]
4064,[117]
4065,[412]
4066,[206]
4067,[71]
4068,[412]
4069,[380]
4070,[352]
4071,[435]
4072,[182]
4073,[407]
4074,[412]
4075,[3]
4076,[412]
4077,[118]
4078,[117]
4079,[165]
4080,[155]
4081,[395]
4082,[206]
4083,[435]
4084,[25]
4085,[25]
4086,[5]
4087,[412]
4088,[412]
4089,[435]
4090,[412]
4091,[395]
4092,[412]
4093,[447]
4094,[412]
4095,[435]
4096,[395]
4097,[182]
4098,[122]
4099,[165]
4100,[412]
4101,[428]
4102,[474]
4103,[182]
4104,[428]
4105,[91]
4106,[412]
4107,[412]
4108,[412]
4109,[447]
4110,[165]
4111,[25]
4112,[412]
4113,[117]
4114,[182]
4115,[285]
4116,[3]
4117,[412]
4118,[71]
4119,[412]
4120,[91]
4121,[189]
4122,[118]
4123,[230]
4124,[435]
4125,[182]
4126,[435]
4127,"[352, 91]"
4128,[117]
4129,[25]
4130,[435]
4131,[412]
4132,[118]
4133,[182]
4134,[118]
4135,[435]
4136,[3]
4137,[412]
4138,[362]
4139,[378]
4140,[468]
4141,[362]
4142,[90]
4143,[422]
4144,[468]
4145,[398]
4146,[181]
4147,[475]
4148,[117]
4149,[220]
4150,[378]
4151,[362]
4152,[378]
4153,[378]
4154,[312]
4155,[378]
4156,[378]
4157,[108]
4158,[219]
4159,[108]
4160,[108]
4161,[239]
4162,[239]
4163,[167]
4164,[167]
4165,[167]
4166,[167]
4167,[373]
4168,[373]
4169,[49]
4170,[363]
4171,[373]
4172,[219]
4173,[239]
4174,[239]
4175,[239]
4176,[335]
4177,[335]
4178,[219]
4179,[335]
4180,[335]
4181,[448]
4182,[108]
4183,[219]
4184,[108]
4185,[108]
4186,[239]
4187,[239]
4188,[239]
4189,"[475, 326]"
4190,[181]
4191,[436]
4192,[398]
4193,[422]
4194,[137]
4195,[312]
4196,[312]
4197,[111]
4198,[312]
4199,[405]
4200,[405]
4201,[168]
4202,[189]
4203,[312]
4204,[422]
4205,[422]
4206,[422]
4207,[422]
4208,[422]
4209,[422]
4210,[422]
4211,[422]
4212,[436]
4213,[312]
4214,[422]
4215,[422]
4216,[326]
4217,[422]
4218,[312]
4219,[312]
4220,[436]
4221,[312]
4222,[312]
4223,[326]
4224,[422]
4225,[436]
4226,[422]
4227,[436]
4228,[14]
4229,[326]
4230,[281]
4231,[312]
4232,[326]
4233,[326]
4234,[181]
4235,[436]
4236,[14]
4237,[141]
4238,[422]
4239,[422]
4240,[320]
4241,[422]
4242,[422]
4243,[475]
4244,[475]
4245,[422]
4246,[181]
4247,[468]
4248,[181]
4249,[422]
4250,[436]
4251,[326]
4252,[398]
4253,[320]
4254,[320]
4255,[269]
4256,[281]
4257,[422]
4258,[141]
4259,[422]
4260,[181]
4261,[422]
4262,[422]
4263,[422]
4264,[422]
4265,[422]
4266,[422]
4267,[181]
4268,[269]
4269,[269]
4270,[422]
4271,"[422, 326]"
4272,[422]
4273,[422]
4274,[422]
4275,[320]
4276,[422]
4277,[422]
4278,[422]
4279,[326]
4280,[475]
4281,[181]
4282,[422]
4283,[181]
4284,[14]
4285,[475]
4286,[475]
4287,[422]
4288,"[475, 468]"
4289,[159]
4290,[422]
4291,[320]
4292,[422]
4293,[436]
4294,[422]
4295,[269]
4296,[422]
4297,[141]
4298,[436]
4299,[422]
4300,[422]
4301,[475]
4302,[269]
4303,[181]
4304,[422]
4305,[422]
4306,[14]
4307,[422]
4308,[14]
4309,[436]
4310,[475]
4311,[422]
4312,[436]
4313,[320]
4314,[326]
4315,[422]
4316,[436]
4317,"[282, 320]"
4318,[281]
4319,[475]
4320,[12]
4321,[12]
4322,[423]
4323,[25]
4324,[25]
4325,[378]
4326,[378]
4327,[454]
4328,[449]
4329,[237]
4330,[389]
4331,[389]
4332,[214]
4333,[389]
4334,[389]
4335,[389]
4336,[41]
4337,[149]
4338,[384]
4339,[41]
4340,[101]
4341,[224]
4342,[278]
4343,[250]
4344,[405]
4345,[405]
4346,[214]
4347,[214]
4348,[214]
4349,[41]
4350,[158]
4351,[384]
4352,[134]
4353,[248]
4354,[36]
4355,[120]
4356,[120]
4357,[465]
4358,[120]
4359,[226]
4360,[465]
4361,[28]
4362,[226]
4363,[210]
4364,[125]
4365,[251]
4366,[226]
4367,[120]
4368,[226]
4369,[105]
4370,[120]
4371,[123]
4372,[120]
4373,[120]
4374,[120]
4375,[331]
4376,[321]
4377,[244]
4378,[331]
4379,[120]
4380,[120]
4381,[226]
4382,[336]
4383,[72]
4384,[120]
4385,"[107, 465, 353]"
4386,[226]
4387,[226]
4388,[201]
4389,[120]
4390,[120]
4391,[123]
4392,[226]
4393,[195]
4394,[154]
4395,[26]
4396,[26]
4397,[26]
4398,[120]
4399,"[26, 465]"
4400,[244]
4401,"[265, 226, 210]"
4402,[123]
4403,[301]
4404,[154]
4405,[195]
4406,[123]
4407,[26]
4408,[120]
4409,[313]
4410,[123]
4411,[313]
4412,[95]
4413,[154]
4414,[388]
4415,[226]
4416,[120]
4417,[123]
4418,[388]
4419,[313]
4420,[201]
4421,[154]
4422,[313]
4423,[123]
4424,[226]
4425,[465]
4426,[475]
4427,[251]
4428,[52]
4429,[313]
4430,[244]
4431,"[475, 14]"
4432,[389]
4433,[40]
4434,[107]
4435,[465]
4436,[10]
4437,[331]
4438,[331]
4439,[195]
4440,[65]
4441,[226]
4442,[140]
4443,[348]
4444,[301]
4445,[301]
4446,[301]
4447,[274]
4448,[276]
4449,[198]
4450,[274]
4451,[94]
4452,[56]
4453,[189]
4454,[3]
4455,[437]
4456,[279]
4457,[443]
4458,[437]
4459,[437]
4460,[279]
4461,[443]
4462,[437]
4463,[430]
4464,[430]
4465,[437]
4466,[443]
4467,[437]
4468,[437]
4469,[389]
4470,[389]
4471,[389]
4472,[389]
4473,[389]
4474,[389]
4475,[384]
4476,[384]
4477,[214]
4478,[214]
4479,[284]
4480,[284]
4481,[214]
4482,[149]
4483,[149]
4484,[149]
4485,[214]
4486,[214]
4487,[214]
4488,[214]
4489,[214]
4490,[389]
4491,[389]
4492,[149]
4493,[45]
4494,[250]
4495,[356]
4496,[214]
4497,[389]
4498,[214]
4499,[45]
4500,[384]
4501,[214]
4502,[214]
4503,[214]
4504,[214]
4505,[214]
4506,[214]
4507,[389]
4508,[214]
4509,[214]
4510,[214]
4511,[250]
4512,[389]
4513,[214]
4514,[358]
4515,[36]
4516,"[146, 469]"
4517,"[426, 145]"
4518,[384]
4519,[405]
4520,"[426, 358]"
4521,[338]
4522,[384]
4523,[41]
4524,[384]
4525,[36]
4526,[374]
4527,[41]
4528,[389]
4529,[389]
4530,[389]
4531,[374]
4532,[248]
4533,[106]
4534,[426]
4535,[284]
4536,[356]
4537,[214]
4538,[41]
4539,[214]
4540,[214]
4541,[384]
4542,[211]
4543,[284]
4544,[214]
4545,[41]
4546,[109]
4547,[389]
4548,[214]
4549,[146]
4550,[426]
4551,[426]
4552,[426]
4553,[356]
4554,[158]
4555,[284]
4556,[426]
4557,[214]
4558,[329]
4559,[284]
4560,[384]
4561,[426]
4562,[384]
4563,[384]
4564,[356]
4565,[384]
4566,[384]
4567,[457]
4568,[224]
4569,[224]
4570,[38]
4571,[278]
4572,[284]
4573,"[426, 358]"
4574,[284]
4575,[146]
4576,[464]
4577,[214]
4578,[214]
4579,[426]
4580,[38]
4581,[384]
4582,[323]
4583,[384]
4584,[58]
4585,[454]
4586,[454]
4587,[454]
4588,[454]
4589,[443]
4590,[443]
4591,[443]
4592,[443]
4593,[218]
4594,[442]
4595,[255]
4596,[442]
4597,[218]
4598,[255]
4599,[255]
4600,[218]
4601,[442]
4602,[255]
4603,[218]
4604,[442]
4605,[172]
4606,[172]
4607,[172]
4608,[172]
4609,[172]
4610,[172]
4611,[172]
4612,[172]
4613,[172]
4614,[255]
4615,[218]
4616,[172]
4617,[255]
4618,[218]
4619,[255]
4620,[172]
4621,[172]
4622,[172]
4623,[218]
4624,[172]
4625,[218]
4626,[218]
4627,[442]
4628,[442]
4629,[172]
4630,[172]
4631,[172]
4632,[172]
4633,[255]
4634,[172]
4635,[218]
4636,[442]
4637,[255]
4638,[442]
4639,[255]
4640,[312]
4641,[343]
4642,[475]
4643,[422]
4644,[181]
4645,[468]
4646,[312]
4647,[54]
4648,[400]
4649,"[76, 64]"
4650,[81]
4651,[41]
4652,[312]
4653,[75]
4654,[81]
4655,[405]
4656,[454]
4657,[422]
4658,[311]
4659,[311]
4660,[311]
4661,[312]
4662,[454]
4663,[454]
4664,[312]
4665,[81]
4666,[81]
4667,[81]
4668,[81]
4669,[81]
4670,[81]
4671,[237]
4672,[378]
4673,[378]
4674,[378]
4675,[378]
4676,[8]
4677,[8]
4678,[267]
4679,[300]
4680,[17]
4681,[167]
4682,[378]
4683,[468]
4684,[468]
4685,[289]
4686,[360]
4687,[360]
4688,[360]
4689,[360]
4690,[360]
4691,[17]
4692,[17]
4693,[17]
4694,[8]
4695,[360]
4696,[360]
4697,[360]
4698,[360]
4699,[17]
4700,[81]
4701,[474]
4702,[5]
4703,[118]
4704,[118]
4705,[453]
4706,[454]
4707,[454]
4708,[454]
4709,[454]
4710,[454]
4711,[454]
4712,[454]
4713,[454]
4714,[454]
4715,[454]
4716,[454]
4717,[454]
4718,[454]
4719,[454]
4720,[454]
4721,[454]
4722,[454]
4723,[454]
4724,[454]
4725,[454]
4726,[454]
4727,[454]
4728,[454]
4729,[454]
4730,[454]
4731,[454]
4732,[454]
4733,[454]
4734,[454]
4735,[454]
4736,[454]
4737,[454]
4738,[454]
4739,[454]
4740,[454]
4741,[454]
4742,[454]
4743,[295]
4744,[389]
4745,[329]
4746,"[426, 358]"
4747,"[146, 214]"
4748,[117]
4749,[469]
4750,[384]
4751,[426]
4752,[117]
4753,[384]
4754,[224]
4755,[146]
4756,[211]
4757,[384]
4758,[237]
4759,[454]
4760,[437]
4761,[279]
4762,[387]
4763,[387]
4764,[387]
4765,[387]
4766,[135]
4767,[172]
4768,[172]
4769,[437]
4770,[437]
4771,[279]
4772,[23]
4773,[387]
4774,[135]
4775,[233]
4776,[387]
4777,[437]
4778,[135]
4779,[454]
4780,[454]
4781,[345]
4782,[437]
4783,[437]
4784,[437]
4785,[279]
4786,[437]
4787,[437]
4788,[443]
4789,[443]
4790,[443]
4791,[443]
4792,[387]
4793,[387]
4794,[172]
4795,[172]
4796,[135]
4797,[135]
4798,[172]
4799,[172]
4800,[135]
4801,[233]
4802,[233]
4803,[233]
4804,[233]
4805,[440]
4806,[440]
4807,[440]
4808,[268]
4809,[449]
4810,[440]
4811,[1]
4812,[384]
4813,[458]
4814,[237]
4815,[220]
4816,[237]
4817,[237]
4818,[237]
4819,[237]
4820,[400]
4821,[400]
4822,[400]
4823,[400]
4824,[437]
4825,[389]
4826,[437]
4827,[454]
4828,[454]
4829,[476]
4830,[190]
4831,[207]
4832,[259]
4833,[124]
4834,[124]
4835,[340]
4836,[454]
4837,[81]
4838,[476]
4839,[476]
4840,[476]
4841,[476]
4842,[476]
4843,[476]
4844,[476]
4845,[476]
4846,[476]
4847,[476]
4848,[476]
4849,[476]
4850,[476]
4851,[476]
4852,[476]
4853,[476]
4854,[476]
4855,[476]
4856,[476]
4857,[476]
4858,[476]
4859,[476]
4860,[476]
4861,[476]
4862,[476]
4863,[476]
4864,[476]
4865,[119]
4866,[119]
4867,[19]
4868,[192]
4869,[0]
4870,[283]
4871,[476]
4872,[476]
4873,[476]
4874,[476]
4875,[476]
4876,[476]
4877,[476]
4878,[476]
4879,[476]
4880,[476]
4881,[476]
4882,[476]
4883,[476]
4884,[476]
4885,[476]
4886,[476]
4887,[476]
4888,[476]
4889,[476]
4890,[476]
4891,[0]
4892,[476]
4893,[476]
4894,[356]
4895,[248]
4896,[248]
4897,[248]
4898,[41]
4899,[426]
4900,[358]
4901,[461]
4902,[356]
4903,[41]
4904,[41]
4905,"[426, 358]"
4906,"[426, 358]"
4907,[36]
4908,[41]
4909,[9]
4910,[338]
4911,[469]
4912,[470]
4913,[101]
4914,[426]
4915,[426]
4916,[304]
4917,[461]
4918,[304]
4919,[304]
4920,[304]
4921,[160]
4922,[160]
4923,[224]
4924,[389]
4925,[389]
4926,[426]
4927,[214]
4928,[389]
4929,[224]
4930,[224]
4931,[169]
4932,[38]
4933,[384]
4934,[384]
4935,[461]
4936,[248]
4937,[389]
4938,[469]
4939,[356]
4940,[384]
4941,[338]
4942,[5]
4943,[5]
4944,[117]
4945,[90]
4946,[393]
4947,[14]
4948,[422]
4949,[326]
4950,[312]
4951,[422]
4952,[239]
4953,[8]
4954,[267]
4955,[360]
4956,[300]
4957,[8]
4958,[300]
4959,[300]
4960,[267]
4961,[267]
4962,[378]
4963,[138]
4964,[362]
4965,[297]
4966,[167]
4967,[99]
4968,[294]
4969,[236]
4970,[242]
4971,[212]
4972,[212]
4973,[421]
4974,[275]
4975,[179]
4976,[381]
4977,[99]
4978,[49]
4979,"[421, 410]"
4980,[167]
4981,[138]
4982,[427]
4983,[378]
4984,[464]
4985,[99]
4986,[167]
4987,[263]
4988,[386]
4989,[421]
4990,[310]
4991,[363]
4992,[410]
4993,[99]
4994,"[167, 378]"
4995,[239]
4996,[421]
4997,[335]
4998,[267]
4999,[81]
5000,[410]
5001,[386]
5002,[11]
5003,[386]
5004,[167]
5005,[226]
5006,[219]
5007,[138]
5008,[249]
5009,[99]
5010,[14]
5011,[422]
5012,[468]
5013,"[422, 343]"
5014,[398]
5015,[281]
5016,[468]
5017,[137]
5018,[422]
5019,[269]
5020,[475]
5021,[106]
5022,[146]
5023,[384]
5024,[214]
5025,[389]
5026,[117]
5027,[330]
5028,[384]
5029,[214]
5030,[224]
5031,"[426, 358]"
5032,[384]
5033,[224]
5034,[145]
5035,[248]
5036,[211]
5037,[358]
5038,[41]
5039,[329]
5040,[224]
5041,[214]
5042,[214]
5043,[468]
5044,[396]
5045,[326]
5046,[468]
5047,[436]
5048,[458]
5049,[220]
5050,[220]
5051,[220]
5052,[220]
5053,[220]
5054,[142]
5055,[437]
5056,[14]
5057,[436]
5058,[181]
5059,[326]
5060,[117]
5061,[428]
5062,[285]
5063,[285]
5064,[447]
5065,[352]
5066,[91]
5067,[447]
5068,[66]
5069,[395]
5070,[91]
5071,[79]
5072,[395]
5073,[380]
5074,[447]
5075,[380]
5076,[380]
5077,[165]
5078,[352]
5079,[117]
5080,[117]
5081,[3]
5082,[91]
5083,[384]
5084,[158]
5085,[117]
5086,[409]
5087,[248]
5088,[384]
5089,[158]
5090,[248]
5091,[224]
5092,[426]
5093,[214]
5094,[329]
5095,[138]
5096,[8]
5097,[17]
5098,[267]
5099,[275]
5100,[249]
5101,[297]
5102,[8]
5103,[381]
5104,[44]
5105,[437]
5106,[437]
5107,[1]
5108,[172]
5109,[172]
5110,[172]
5111,[172]
5112,[135]
5113,[172]
5114,[135]
5115,[172]
5116,[135]
5117,[135]
5118,"[135, 458]"
5119,[135]
5120,[135]
5121,[172]
5122,[172]
5123,[172]
5124,[401]
5125,[172]
5126,[172]
5127,[172]
5128,[172]
5129,"[172, 135]"
5130,[172]
5131,[172]
5132,[172]
5133,[172]
5134,[172]
5135,[172]
5136,[172]
5137,[172]
5138,[268]
5139,[440]
5140,[440]
5141,[440]
5142,[268]
5143,[268]
5144,[268]
5145,[268]
5146,[268]
5147,[268]
5148,[268]
5149,[268]
5150,[268]
5151,[268]
5152,[268]
5153,[268]
5154,[268]
5155,[268]
5156,[268]
5157,[433]
5158,[433]
5159,[433]
5160,[433]
5161,[433]
5162,[433]
5163,[433]
5164,[433]
5165,[433]
5166,[433]
5167,[433]
5168,[433]
5169,[177]
5170,[433]
5171,[433]
5172,[433]
5173,[433]
5174,[433]
5175,[433]
5176,[433]
5177,[433]
5178,[433]
5179,[433]
5180,[433]
5181,[177]
5182,[433]
5183,[177]
5184,[433]
5185,[177]
5186,[177]
5187,[433]
5188,[433]
5189,[433]
5190,[433]
5191,[433]
5192,[177]
5193,[375]
5194,[375]
5195,[375]
5196,[375]
5197,[359]
5198,[231]
5199,[203]
5200,[126]
5201,[126]
5202,[126]
5203,[128]
5204,[401]
5205,[401]
5206,[56]
5207,[291]
5208,[375]
5209,[172]
5210,[203]
5211,[400]
5212,[400]
5213,[239]
5214,[239]
5215,[167]
5216,[362]
5217,[167]
5218,[167]
5219,[263]
5220,[239]
5221,[239]
5222,[108]
5223,[108]
5224,[454]
5225,[454]
5226,[454]
5227,[437]
5228,[1]
5229,[279]
5230,[138]
5231,[458]
5232,[387]
5233,[387]
5234,[387]
5235,[8]
5236,[8]
5237,[267]
5238,[360]
5239,[300]
5240,[267]
5241,[8]
5242,[267]
5243,[378]
5244,[267]
5245,[362]
5246,[267]
5247,[8]
5248,[8]
5249,[8]
5250,[267]
5251,[267]
5252,[267]
5253,[300]
5254,"[300, 267]"
5255,[8]
5256,[8]
5257,[360]
5258,"[360, 17]"
5259,[267]
5260,[220]
5261,[220]
5262,[220]
5263,[220]
5264,[220]
5265,[220]
5266,[220]
5267,[220]
5268,[220]
5269,[220]
5270,[220]
5271,[182]
5272,[440]
5273,[71]
5274,[209]
5275,[412]
5276,[412]
5277,[122]
5278,[25]
5279,[412]
5280,[447]
5281,[79]
5282,[71]
5283,[412]
5284,[435]
5285,[412]
5286,[412]
5287,[5]
5288,[435]
5289,[395]
5290,[25]
5291,[117]
5292,[435]
5293,[428]
5294,[380]
5295,[412]
5296,[199]
5297,[25]
5298,[182]
5299,[189]
5300,[412]
5301,[3]
5302,[437]
5303,[81]
5304,[454]
5305,[443]
5306,[458]
5307,[458]
5308,[458]
5309,[443]
5310,[443]
5311,[268]
5312,[248]
5313,[436]
5314,[281]
5315,[422]
5316,[437]
5317,[437]
5318,[437]
5319,[437]
5320,[384]
5321,[224]
5322,[262]
5323,[329]
5324,[224]
5325,[41]
5326,[193]
5327,[193]
5328,[464]
5329,[475]
5330,[267]
5331,[468]
5332,[475]
5333,[289]
5334,[315]
5335,[14]
5336,[267]
5337,[267]
5338,[267]
5339,[267]
5340,[193]
5341,[193]
5342,[193]
5343,[312]
5344,[312]
5345,[137]
5346,[475]
5347,[14]
5348,[475]
5349,[312]
5350,[475]
5351,[475]
5352,[312]
5353,[312]
5354,[14]
5355,[267]
5356,[289]
5357,[312]
5358,[111]
5359,[312]
5360,[436]
5361,[312]
5362,[312]
5363,[437]
5364,[437]
5365,[437]
5366,[437]
5367,[437]
5368,[437]
5369,[437]
5370,[437]
5371,[437]
5372,[437]
5373,[117]
5374,[389]
5375,[284]
5376,[389]
5377,[384]
5378,[389]
5379,[343]
5380,[422]
5381,[312]
5382,[312]
5383,[312]
5384,[8]
5385,[8]
5386,[8]
5387,[8]
5388,[267]
5389,[300]
5390,[267]
5391,[8]
5392,[300]
5393,[300]
5394,[8]
5395,[468]
5396,[300]
5397,[378]
5398,[362]
5399,[362]
5400,[378]
5401,[117]
5402,[118]
5403,[117]
5404,[300]
5405,[17]
5406,[272]
5407,[44]
5408,[267]
5409,[212]
5410,[17]
5411,[360]
5412,[44]
5413,[44]
5414,[381]
5415,[381]
5416,[300]
5417,[360]
5418,[360]
5419,[310]
5420,[381]
5421,[360]
5422,[368]
5423,[378]
5424,[212]
5425,"[267, 300]"
5426,[8]
5427,[267]
5428,[363]
5429,[267]
5430,[267]
5431,[363]
5432,[300]
5433,[310]
5434,[44]
5435,[422]
5436,[436]
5437,[312]
5438,[436]
5439,[422]
5440,[320]
5441,[320]
5442,[108]
5443,[335]
5444,[239]
5445,[335]
5446,[365]
5447,[389]
5448,[389]
5449,[389]
5450,[109]
5451,[389]
5452,[422]
5453,[389]
5454,[384]
5455,[326]
5456,[327]
5457,[389]
5458,[389]
5459,[389]
5460,[273]
5461,[32]
5462,[63]
5463,[458]
5464,[440]
5465,[248]
5466,[268]
5467,[443]
5468,[387]
5469,[387]
5470,[387]
5471,[300]
5472,[167]
5473,[434]
5474,[167]
5475,[167]
5476,[262]
5477,[41]
5478,[389]
5479,[117]
5480,[358]
5481,[158]
5482,[146]
5483,[384]
5484,[475]
5485,[281]
5486,[422]
5487,[281]
5488,"[343, 273]"
5489,[436]
5490,[117]
5491,[14]
5492,[468]
5493,[422]
5494,[281]
5495,[14]
5496,[269]
5497,[326]
5498,[268]
5499,[158]
5500,"[149, 384]"
5501,[426]
5502,[41]
5503,[384]
5504,[26]
5505,[226]
5506,[226]
5507,[120]
5508,[381]
5509,[386]
5510,[363]
5511,[363]
5512,[363]
5513,[363]
5514,[167]
5515,[167]
5516,[263]
5517,[263]
5518,[386]
5519,[363]
5520,[370]
5521,[226]
5522,[210]
5523,[331]
5524,[265]
5525,[95]
5526,[105]
5527,[120]
5528,[465]
5529,[276]
5530,[370]
5531,[94]
5532,[226]
5533,[72]
5534,[465]
5535,[298]
5536,[313]
5537,[306]
5538,[72]
5539,[298]
5540,"[157, 465]"
5541,[465]
5542,[465]
5543,[357]
5544,"[105, 110]"
5545,[276]
5546,[331]
5547,[154]
5548,[313]
5549,[465]
5550,[306]
5551,[334]
5552,[72]
5553,[301]
5554,[198]
5555,[117]
5556,[25]
5557,[432]
5558,[118]
5559,[118]
5560,[117]
5561,[443]
5562,[387]
5563,[268]
5564,[458]
5565,[363]
5566,[312]
5567,[301]
5568,[360]
5569,[360]
5570,[360]
5571,[360]
5572,[360]
5573,[17]
5574,[17]
5575,[360]
5576,[17]
5577,[17]
5578,[8]
5579,[17]
5580,[8]
5581,[17]
5582,"[360, 17]"
5583,[458]
5584,[214]
5585,[268]
5586,[118]
5587,[378]
5588,[249]
5589,[378]
5590,[249]
5591,[167]
5592,[167]
5593,[360]
5594,[44]
5595,[373]
5596,[335]
5597,[335]
5598,[263]
5599,[167]
5600,[167]
5601,[167]
5602,[168]
5603,[436]
5604,[312]
5605,[422]
5606,[168]
5607,[322]
5608,[288]
5609,[31]
5610,[29]
5611,[369]
5612,[379]
5613,[51]
5614,[451]
5615,[463]
5616,[463]
5617,[369]
5618,[463]
5619,[463]
5620,[369]
5621,[463]
5622,[51]
5623,[238]
5624,[241]
5625,[458]
5626,[222]
5627,[135]
5628,[81]
5629,[13]
5630,[312]
5631,[287]
5632,[414]
5633,[218]
5634,[172]
5635,[172]
5636,[442]
5637,[442]
5638,[255]
5639,[172]
5640,[442]
5641,[172]
5642,[255]
5643,[172]
5644,[172]
5645,[218]
5646,[255]
5647,[172]
5648,[255]
5649,[442]
5650,[442]
5651,[172]
5652,[218]
5653,[255]
5654,[218]
5655,[437]
5656,[61]
5657,[61]
5658,[61]
5659,[61]
5660,[61]
5661,[61]
5662,[61]
5663,[61]
5664,[61]
5665,[61]
5666,[61]
5667,[61]
5668,[61]
5669,[61]
5670,[61]
5671,[61]
5672,[61]
5673,[61]
5674,[61]
5675,[61]
5676,[61]
5677,[61]
5678,[61]
5679,[61]
5680,[61]
5681,[61]
5682,[61]
5683,[61]
5684,[61]
5685,[61]
5686,[61]
5687,[61]
5688,[61]
5689,[61]
5690,[61]
5691,[61]
5692,[61]
5693,[61]
5694,[61]
5695,[61]
5696,[61]
5697,[61]
5698,[61]
5699,[61]
5700,[61]
5701,[61]
5702,[61]
5703,[61]
5704,[61]
5705,[61]
5706,[61]
5707,[61]
5708,[61]
5709,[61]
5710,[61]
5711,[61]
5712,[61]
5713,[61]
5714,[61]
5715,[61]
5716,[61]
5717,[61]
5718,[61]
5719,[61]
5720,[61]
5721,[61]
5722,[61]
5723,[61]
5724,[61]
5725,[61]
5726,[61]
5727,[61]
5728,[61]
5729,[61]
5730,[61]
5731,[61]
5732,[61]
5733,[61]
5734,[61]
5735,[61]
5736,[118]
5737,[428]
5738,[435]
5739,[412]
5740,[352]
5741,[206]
5742,[412]
5743,[189]
5744,[352]
5745,[182]
5746,[412]
5747,[412]
5748,[199]
5749,[435]
5750,[165]
5751,[3]
5752,[412]
5753,[118]
5754,[189]
5755,[3]
5756,[117]
5757,[199]
5758,[395]
5759,[412]
5760,[25]
5761,[435]
5762,[412]
5763,[435]
5764,[3]
5765,[118]
5766,[34]
5767,[454]
5768,[326]
5769,[14]
5770,[181]
5771,[475]
5772,[281]
5773,[320]
5774,[422]
5775,[312]
5776,[20]
5777,[389]
5778,[214]
5779,[248]
5780,[389]
5781,[384]
5782,[214]
5783,[214]
5784,[327]
5785,[41]
5786,[149]
5787,[149]
5788,[250]
5789,[214]
5790,[248]
5791,[146]
5792,[41]
5793,[214]
5794,[214]
5795,[389]
5796,[248]
5797,[325]
5798,[325]
5799,[221]
5800,[312]
5801,[436]
5802,[468]
5803,[90]
5804,[117]
5805,[14]
5806,[468]
5807,[281]
5808,[90]
5809,[475]
5810,[90]
5811,[468]
5812,[475]
5813,[181]
5814,[32]
5815,[384]
5816,[214]
5817,[330]
5818,[248]
5819,[327]
5820,[17]
5821,[8]
5822,[17]
5823,[454]
5824,[454]
5825,[454]
5826,[454]
5827,[454]
5828,[454]
5829,[454]
5830,[454]
5831,[454]
5832,[454]
5833,[454]
5834,[475]
5835,[468]
5836,[396]
5837,[90]
5838,[269]
5839,[118]
5840,[118]
5841,[345]
5842,[345]
5843,[345]
5844,[243]
5845,[117]
5846,[345]
5847,[345]
5848,[117]
5849,[118]
5850,[117]
5851,[243]
5852,[117]
5853,[243]
5854,[117]
5855,[118]
5856,[117]
5857,[117]
5858,[117]
5859,[117]
5860,[118]
5861,[279]
5862,[117]
5863,[117]
5864,[345]
5865,[117]
5866,[117]
5867,[117]
5868,[118]
5869,[117]
5870,[437]
5871,[117]
5872,[117]
5873,[117]
5874,[117]
5875,[117]
5876,[117]
5877,[345]
5878,[117]
5879,[387]
5880,[117]
5881,[117]
5882,[117]
5883,[117]
5884,[437]
5885,[345]
5886,[345]
5887,[118]
5888,[345]
5889,[118]
5890,[117]
5891,[117]
5892,[118]
5893,[117]
5894,[345]
5895,[454]
5896,[430]
5897,[345]
5898,[345]
5899,[279]
5900,[443]
5901,[23]
5902,[437]
5903,[437]
5904,[443]
5905,[454]
5906,[61]
5907,[345]
5908,[243]
5909,[344]
5910,[345]
5911,[437]
5912,[437]
5913,[165]
5914,[165]
5915,[416]
5916,[285]
5917,[285]
5918,[165]
5919,[165]
5920,[165]
5921,[285]
5922,[285]
5923,[165]
5924,[428]
5925,[428]
5926,[199]
5927,[416]
5928,[90]
5929,[282]
5930,[468]
5931,[12]
5932,[248]
5933,[461]
5934,[278]
5935,[461]
5936,[248]
5937,[248]
5938,[308]
5939,[175]
5940,[41]
5941,[389]
5942,[329]
5943,[41]
5944,[358]
5945,[389]
5946,[389]
5947,[36]
5948,[470]
5949,[304]
5950,[304]
5951,[160]
5952,[304]
5953,[461]
5954,[461]
5955,[461]
5956,[461]
5957,[304]
5958,[304]
5959,[224]
5960,[224]
5961,[224]
5962,[214]
5963,[389]
5964,[327]
5965,[158]
5966,[214]
5967,[384]
5968,[389]
5969,[384]
5970,[38]
5971,[455]
5972,[356]
5973,[146]
5974,[146]
5975,[384]
5976,[41]
5977,[134]
5978,[149]
5979,[248]
5980,[145]
5981,[356]
5982,[384]
5983,[149]
5984,[384]
5985,"[214, 330, 145]"
5986,[248]
5987,[461]
5988,[214]
5989,[426]
5990,[158]
5991,"[469, 145]"
5992,[389]
5993,[284]
5994,"[426, 329]"
5995,[426]
5996,[214]
5997,"[426, 358, 158, 329, 327]"
5998,[384]
5999,[470]
6000,[224]
6001,[41]
6002,[41]
6003,"[426, 358]"
6004,[36]
6005,[160]
6006,[224]
6007,[389]
6008,[214]
6009,[149]
6010,[214]
6011,[405]
6012,[248]
6013,[248]
6014,[461]
6015,[461]
6016,[461]
6017,[461]
6018,[461]
6019,[304]
6020,[304]
6021,[304]
6022,[304]
6023,[304]
6024,[304]
6025,[304]
6026,[304]
6027,[304]
6028,[41]
6029,[41]
6030,[389]
6031,[389]
6032,[405]
6033,[329]
6034,[329]
6035,[41]
6036,[41]
6037,[41]
6038,[41]
6039,[41]
6040,"[426, 469]"
6041,[426]
6042,[149]
6043,[384]
6044,[158]
6045,[158]
6046,[469]
6047,[469]
6048,[295]
6049,[295]
6050,[36]
6051,[145]
6052,[9]
6053,[145]
6054,[338]
6055,[338]
6056,[338]
6057,[295]
6058,[109]
6059,[389]
6060,[389]
6061,[389]
6062,[389]
6063,[389]
6064,[389]
6065,[389]
6066,[389]
6067,[389]
6068,[389]
6069,[389]
6070,[45]
6071,[214]
6072,[214]
6073,[250]
6074,[356]
6075,[214]
6076,[214]
6077,[45]
6078,[384]
6079,[384]
6080,[9]
6081,[248]
6082,[304]
6083,[304]
6084,[224]
6085,[224]
6086,[214]
6087,[214]
6088,[214]
6089,[389]
6090,[389]
6091,[389]
6092,[389]
6093,[214]
6094,[389]
6095,[389]
6096,[214]
6097,[389]
6098,[384]
6099,[45]
6100,[389]
6101,[214]
6102,[389]
6103,[389]
6104,[214]
6105,[389]
6106,[384]
6107,[426]
6108,[284]
6109,[329]
6110,[389]
6111,[389]
6112,[36]
6113,[469]
6114,[248]
6115,[248]
6116,[464]
6117,[262]
6118,[160]
6119,[384]
6120,[455]
6121,[470]
6122,[470]
6123,[38]
6124,[470]
6125,[169]
6126,[169]
6127,[248]
6128,[41]
6129,[41]
6130,[41]
6131,[41]
6132,[455]
6133,[284]
6134,[389]
6135,[389]
6136,[389]
6137,[389]
6138,"[102, 278]"
6139,[389]
6140,[146]
6141,[214]
6142,[214]
6143,[284]
6144,[278]
6145,[389]
6146,[464]
6147,[384]
6148,[224]
6149,[323]
6150,[158]
6151,[278]
6152,[384]
6153,[214]
6154,[149]
6155,[146]
6156,[426]
6157,[426]
6158,[426]
6159,[409]
6160,[358]
6161,[426]
6162,[205]
6163,"[426, 469]"
6164,[145]
6165,[158]
6166,"[158, 426]"
6167,[248]
6168,[461]
6169,[461]
6170,[58]
6171,[58]
6172,[384]
6173,[464]
6174,[36]
6175,[327]
6176,[214]
6177,[214]
6178,[214]
6179,[214]
6180,[214]
6181,[214]
6182,[214]
6183,[214]
6184,[214]
6185,[214]
6186,[464]
6187,[214]
6188,[214]
6189,[389]
6190,"[149, 109, 214]"
6191,[426]
6192,[426]
6193,"[149, 374]"
6194,[374]
6195,[469]
6196,[248]
6197,[158]
6198,[8]
6199,[267]
6200,[300]
6201,[300]
6202,[273]
6203,[8]
6204,[360]
6205,[378]
6206,[8]
6207,[267]
6208,[312]
6209,[378]
6210,[117]
6211,[117]
6212,[41]
6213,[8]
6214,[249]
6215,[300]
6216,[350]
6217,[468]
6218,[269]
6219,[82]
6220,[118]
6221,[248]
6222,[224]
6223,[118]
6224,[117]
6225,[118]
6226,[118]
6227,[345]
6228,[117]
6229,[117]
6230,[117]
6231,[117]
6232,[117]
6233,[118]
6234,[117]
6235,[117]
6236,[118]
6237,[117]
6238,[118]
6239,[117]
6240,[117]
6241,[117]
6242,[117]
6243,[118]
6244,[117]
6245,[117]
6246,[345]
6247,[117]
6248,[117]
6249,[117]
6250,[117]
6251,[118]
6252,[428]
6253,[428]
6254,[214]
6255,[145]
6256,[389]
6257,[41]
6258,[438]
6259,[378]
6260,[362]
6261,[249]
6262,[249]
6263,[159]
6264,[454]
6265,[167]
6266,[249]
6267,[85]
6268,[85]
6269,[85]
6270,[85]
6271,[85]
6272,[378]
6273,[363]
6274,[384]
6275,[312]
6276,[422]
6277,[475]
6278,[338]
6279,[209]
6280,[118]
6281,[71]
6282,[206]
6283,[412]
6284,[118]
6285,[91]
6286,[412]
6287,[182]
6288,[412]
6289,[423]
6290,[182]
6291,[118]
6292,[412]
6293,[91]
6294,[422]
6295,[326]
6296,[282]
6297,[281]
6298,[468]
6299,[436]
6300,[326]
6301,[436]
6302,[69]
6303,[422]
6304,[312]
6305,[326]
6306,[14]
6307,[422]
6308,"[475, 436]"
6309,[345]
6310,[344]
6311,[430]
6312,[243]
6313,[279]
6314,[437]
6315,[443]
6316,[345]
6317,[437]
6318,[117]
6319,[117]
6320,[118]
6321,[117]
6322,[117]
6323,[117]
6324,[118]
6325,[117]
6326,[117]
6327,[117]
6328,[117]
6329,[118]
6330,"[158, 329]"
6331,[384]
6332,[384]
6333,[469]
6334,[90]
6335,[468]
6336,[475]
6337,[32]
6338,"[181, 281, 468]"
6339,[134]
6340,[422]
6341,[146]
6342,[389]
6343,[358]
6344,[41]
6345,[416]
6346,[395]
6347,[206]
6348,[412]
6349,[412]
6350,[412]
6351,[435]
6352,[182]
6353,[435]
6354,[435]
6355,[230]
6356,[71]
6357,[25]
6358,[182]
6359,[443]
6360,[443]
6361,[384]
6362,[145]
6363,"[426, 358]"
6364,[268]
6365,[268]
6366,[268]
6367,[458]
6368,[117]
6369,[117]
6370,[384]
6371,[262]
6372,[224]
6373,[224]
6374,[224]
6375,[224]
6376,[224]
6377,[224]
6378,[224]
6379,[224]
6380,[224]
6381,[224]
6382,[58]
6383,[224]
6384,[224]
6385,[224]
6386,[191]
6387,[191]
6388,[224]
6389,[405]
6390,[405]
6391,[36]
6392,[36]
6393,[36]
6394,[469]
6395,[469]
6396,[145]
6397,[469]
6398,"[145, 469]"
6399,[330]
6400,[426]
6401,[426]
6402,[426]
6403,[426]
6404,[426]
6405,[461]
6406,[461]
6407,[461]
6408,[461]
6409,[461]
6410,[461]
6411,[461]
6412,[160]
6413,[160]
6414,[160]
6415,[160]
6416,[160]
6417,[461]
6418,[461]
6419,[461]
6420,[461]
6421,[160]
6422,[160]
6423,[384]
6424,[384]
6425,[384]
6426,[384]
6427,[384]
6428,[384]
6429,[384]
6430,[384]
6431,[384]
6432,[384]
6433,[384]
6434,[384]
6435,[384]
6436,[384]
6437,[384]
6438,[160]
6439,[160]
6440,[160]
6441,[160]
6442,[160]
6443,[160]
6444,[160]
6445,[160]
6446,[160]
6447,[160]
6448,[160]
6449,[160]
6450,[160]
6451,[160]
6452,[160]
6453,[461]
6454,[389]
6455,[384]
6456,[475]
6457,[417]
6458,[417]
6459,[417]
6460,[417]
6461,[417]
6462,[417]
6463,[417]
6464,[417]
6465,[417]
6466,[417]
6467,[156]
6468,[156]
6469,[156]
6470,[156]
6471,[156]
6472,[156]
6473,[156]
6474,[156]
6475,[156]
6476,[156]
6477,"[338, 36]"
6478,[295]
6479,[284]
6480,[284]
6481,[41]
6482,[156]
6483,[156]
6484,[156]
6485,[156]
6486,[156]
6487,[156]
6488,[156]
6489,[156]
6490,[156]
6491,[156]
6492,[454]
6493,[99]
6494,[159]
6495,[335]
6496,[99]
6497,[99]
6498,[167]
6499,[475]
6500,[422]
6501,[360]
6502,[381]
6503,[461]
6504,[41]
6505,[41]
6506,[384]
6507,[160]
6508,[461]
6509,[384]
6510,[330]
6511,[169]
6512,[224]
6513,"[247, 224]"
6514,[278]
6515,[384]
6516,[41]
6517,[384]
6518,[248]
6519,[224]
6520,[436]
6521,[117]
6522,[387]
6523,[387]
6524,[242]
6525,[387]
6526,[421]
6527,[8]
6528,[8]
6529,[138]
6530,[138]
6531,[372]
6532,[253]
6533,[8]
6534,[2]
6535,[138]
6536,[234]
6537,[44]
6538,[8]
6539,[99]
6540,[253]
6541,[386]
6542,[8]
6543,[275]
6544,[167]
6545,"[335, 378]"
6546,"[219, 378]"
6547,[141]
6548,[99]
6549,[362]
6550,[108]
6551,[281]
6552,[475]
6553,[146]
6554,[146]
6555,"[146, 211]"
6556,[146]
6557,[82]
6558,[82]
6559,[82]
6560,[82]
6561,[82]
6562,[331]
6563,[120]
6564,[298]
6565,[265]
6566,[105]
6567,[383]
6568,[105]
6569,[95]
6570,[213]
6571,[72]
6572,[72]
6573,[331]
6574,[383]
6575,[334]
6576,[125]
6577,[120]
6578,[321]
6579,[28]
6580,[265]
6581,[226]
6582,[226]
6583,[163]
6584,[226]
6585,[422]
6586,[458]
6587,[437]
6588,"[475, 468]"
6589,[468]
6590,[268]
6591,[281]
6592,[468]
6593,[475]
6594,[440]
6595,[273]
6596,[422]
6597,[422]
6598,[273]
6599,[422]
6600,[170]
6601,"[73, 114]"
6602,[312]
6603,[280]
6604,[36]
6605,[384]
6606,[327]
6607,[469]
6608,[146]
6609,[426]
6610,[384]
6611,[384]
6612,[440]
6613,[117]
6614,[25]
6615,[25]
6616,[325]
6617,[61]
6618,[61]
6619,[61]
6620,[61]
6621,[61]
6622,[91]
6623,[122]
6624,[412]
6625,[206]
6626,[435]
6627,[435]
6628,[447]
6629,[91]
6630,[25]
6631,[435]
6632,[423]
6633,[285]
6634,[412]
6635,[3]
6636,[412]
6637,[91]
6638,[412]
6639,[352]
6640,[182]
6641,[435]
6642,[435]
6643,[117]
6644,[118]
6645,[412]
6646,[71]
6647,[3]
6648,[281]
6649,[172]
6650,[135]
6651,[135]
6652,[172]
6653,[135]
6654,[135]
6655,[135]
6656,[172]
6657,[172]
6658,[135]
6659,[135]
6660,[172]
6661,[135]
6662,[172]
6663,[172]
6664,[458]
6665,[172]
6666,[135]
6667,[172]
6668,[172]
6669,[135]
6670,[172]
6671,[172]
6672,[172]
6673,[172]
6674,[458]
6675,[458]
6676,[172]
6677,[172]
6678,[135]
6679,[135]
6680,[220]
6681,[413]
6682,[367]
6683,[387]
6684,[469]
6685,[99]
6686,[159]
6687,[108]
6688,[14]
6689,[267]
6690,"[14, 273]"
6691,[362]
6692,[14]
6693,[192]
6694,[192]
6695,[192]
6696,[192]
6697,[192]
6698,[37]
6699,[37]
6700,[292]
6701,[290]
6702,[290]
6703,[411]
6704,[394]
6705,[223]
6706,[342]
6707,[290]
6708,[411]
6709,[292]
6710,[127]
6711,[192]
6712,[192]
6713,[37]
6714,[37]
6715,[290]
6716,[37]
6717,[290]
6718,[411]
6719,[87]
6720,[127]
6721,[387]
6722,[412]
6723,[199]
6724,[91]
6725,[412]
6726,[423]
6727,[412]
6728,[122]
6729,[71]
6730,[426]
6731,[436]
6732,[398]
6733,[193]
6734,[193]
6735,[360]
6736,[422]
6737,[193]
6738,[312]
6739,[159]
6740,[99]
6741,[159]
6742,[17]
6743,[421]
6744,[392]
6745,[8]
6746,[253]
6747,[421]
6748,[381]
6749,[8]
6750,[8]
6751,[164]
6752,[138]
6753,[422]
6754,[281]
6755,[475]
6756,[475]
6757,[422]
6758,[422]
6759,[221]
6760,[427]
6761,[138]
6762,"[384, 358, 426]"
6763,[117]
6764,[146]
6765,[99]
6766,[159]
6767,[159]
6768,[21]
6769,[419]
6770,[143]
6771,[266]
6772,[32]
6773,[22]
6774,[419]
6775,[183]
6776,[143]
6777,[419]
6778,[419]
6779,[174]
6780,[419]
6781,[32]
6782,[419]
6783,[32]
6784,[32]
6785,[113]
6786,[32]
6787,[170]
6788,[170]
6789,[471]
6790,[174]
6791,[32]
6792,[419]
6793,[419]
6794,[419]
6795,[32]
6796,[32]
6797,[32]
6798,[32]
6799,[32]
6800,[170]
6801,[419]
6802,[57]
6803,[57]
6804,[32]
6805,[57]
6806,[475]
6807,[269]
6808,[281]
6809,[312]
6810,[436]
6811,[398]
6812,[398]
6813,[398]
6814,[475]
6815,"[269, 343]"
6816,[475]
6817,[468]
6818,"[181, 468]"
6819,"[422, 343]"
6820,[181]
6821,[137]
6822,[99]
6823,[437]
6824,[61]
6825,[61]
6826,[61]
6827,[61]
6828,[61]
6829,[61]
6830,[61]
6831,[61]
6832,[61]
6833,[61]
6834,[61]
6835,[61]
6836,[61]
6837,[61]
6838,[61]
6839,[61]
6840,[61]
6841,[61]
6842,[61]
6843,[412]
6844,[189]
6845,[25]
6846,[412]
6847,[412]
6848,[412]
6849,[412]
6850,[206]
6851,[435]
6852,[412]
6853,[34]
6854,[206]
6855,[25]
6856,[412]
6857,[412]
6858,[412]
6859,[412]
6860,[155]
6861,[5]
6862,[189]
6863,[199]
6864,[428]
6865,[412]
6866,[412]
6867,[435]
6868,[230]
6869,[323]
6870,"[436, 273]"
6871,[475]
6872,[422]
6873,[312]
6874,[422]
6875,[475]
6876,[312]
6877,[281]
6878,[320]
6879,[398]
6880,[436]
6881,[137]
6882,"[436, 273]"
6883,[282]
6884,[468]
6885,"[475, 281]"
6886,[326]
6887,[25]
6888,[25]
6889,[25]
6890,[25]
6891,[25]
6892,[25]
6893,[25]
6894,[189]
6895,[116]
6896,[116]
6897,[116]
6898,[116]
6899,[116]
6900,[116]
6901,[116]
6902,[116]
6903,[116]
6904,[116]
6905,[116]
6906,[116]
6907,[116]
6908,[116]
6909,[462]
6910,[462]
6911,[462]
6912,[462]
6913,[460]
6914,[200]
6915,[425]
6916,[437]
6917,[279]
6918,[387]
6919,[387]
6920,[412]
6921,[206]
6922,[182]
6923,[312]
6924,[320]
6925,[273]
6926,[181]
6927,[436]
6928,[273]
6929,[121]
6930,[475]
6931,[281]
6932,[422]
6933,[182]
6934,[272]
6935,[44]
6936,[44]
6937,[44]
6938,[310]
6939,[310]
6940,[367]
6941,[368]
6942,[381]
6943,[372]
6944,[381]
6945,[381]
6946,[427]
6947,[49]
6948,[275]
6949,[421]
6950,[372]
6951,[372]
6952,[381]
6953,"[422, 436]"
6954,[422]
6955,[312]
6956,[422]
6957,[436]
6958,[131]
6959,[312]
6960,[312]
6961,[196]
6962,[117]
6963,[117]
6964,[117]
6965,[118]
6966,[117]
6967,[117]
6968,[117]
6969,[117]
6970,[117]
6971,[273]
6972,[376]
6973,[74]
6974,[145]
6975,[410]
6976,[387]
6977,[8]
6978,[325]
6979,[422]
6980,[146]
6981,[146]
6982,[146]
6983,[464]
6984,[384]
6985,[331]
6986,[313]
6987,[110]
6988,[72]
6989,[334]
6990,[354]
6991,[370]
6992,[353]
6993,[213]
6994,[28]
6995,[120]
6996,[226]
6997,[265]
6998,[370]
6999,[105]
7000,[226]
7001,[370]
7002,[41]
7003,[221]
7004,[409]
7005,[384]
7006,[36]
7007,[173]
7008,[248]
7009,[160]
7010,[214]
7011,[384]
7012,[461]
7013,[389]
7014,[461]
7015,[284]
7016,[7]
7017,[454]
7018,[323]
7019,[267]
7020,[17]
7021,[360]
7022,[44]
7023,[381]
7024,[381]
7025,[473]
7026,[300]
7027,[44]
7028,[310]
7029,[99]
7030,[249]
7031,[262]
7032,[267]
7033,[117]
7034,[70]
7035,[138]
7036,[167]
7037,[167]
7038,"[363, 378]"
7039,[138]
7040,[294]
7041,[300]
7042,[267]
7043,[363]
7044,[182]
7045,[460]
7046,[138]
7047,[138]
7048,[367]
7049,[381]
7050,[381]
7051,[164]
7052,[44]
7053,[138]
7054,[2]
7055,[387]
7056,[139]
7057,[234]
7058,[2]
7059,[99]
7060,[138]
7061,[2]
7062,[138]
7063,[267]
7064,[422]
7065,[475]
7066,[343]
7067,"[436, 273]"
7068,[475]
7069,[468]
7070,[326]
7071,[468]
7072,[398]
7073,[343]
7074,[422]
7075,[281]
7076,[320]
7077,[436]
7078,[14]
7079,[181]
7080,"[436, 320, 398]"
7081,"[436, 398]"
7082,[99]
7083,[234]
7084,[234]
7085,[99]
7086,[138]
7087,[368]
7088,[392]
7089,[138]
7090,[44]
7091,[138]
7092,[367]
7093,[118]
7094,[117]
7095,[117]
7096,[117]
7097,[117]
7098,[118]
7099,[426]
7100,[41]
7101,[310]
7102,[363]
7103,[118]
7104,[117]
7105,[117]
7106,[118]
7107,[118]
7108,[117]
7109,[117]
7110,[117]
7111,[197]
7112,[221]
7113,[25]
7114,[352]
7115,[71]
7116,[182]
7117,[189]
7118,[3]
7119,[92]
7120,[57]
7121,[21]
7122,[57]
7123,[57]
7124,[143]
7125,[32]
7126,[419]
7127,[32]
7128,[32]
7129,[174]
7130,[419]
7131,[174]
7132,[113]
7133,[400]
7134,[419]
7135,[419]
7136,[419]
7137,[32]
7138,[378]
7139,[378]
7140,[161]
7141,[378]
7142,[378]
7143,[18]
7144,[85]
7145,[59]
7146,[373]
7147,[167]
7148,[249]
7149,[219]
7150,[239]
7151,[378]
7152,[335]
7153,"[335, 378]"
7154,"[335, 378]"
7155,[335]
7156,[436]
7157,[458]
7158,[421]
7159,[8]
7160,[8]
7161,[138]
7162,[138]
7163,[105]
7164,[465]
7165,[151]
7166,[383]
7167,[226]
7168,[213]
7169,[226]
7170,[120]
7171,[370]
7172,[315]
7173,[123]
7174,[210]
7175,[110]
7176,[157]
7177,[398]
7178,[436]
7179,[281]
7180,[320]
7181,"[475, 326]"
7182,[326]
7183,[137]
7184,[398]
7185,[398]
7186,[350]
7187,[363]
7188,[145]
7189,[349]
7190,[412]
7191,[182]
7192,[412]
7193,[300]
7194,[475]
7195,[14]
7196,[398]
7197,[422]
7198,[326]
7199,"[436, 312]"
7200,[117]
7201,[118]
7202,[189]
7203,[412]
7204,[32]
7205,[355]
7206,[471]
7207,[424]
7208,[419]
7209,[419]
7210,[419]
7211,[174]
7212,[446]
7213,[190]
7214,[251]
7215,[419]
7216,[246]
7217,[190]
7218,[113]
7219,[32]
7220,[118]
7221,[412]
7222,[435]
7223,[435]
7224,[117]
7225,[412]
7226,[412]
7227,[395]
7228,[384]
7229,[44]
7230,[310]
7231,[44]
7232,[360]
7233,[368]
7234,[44]
7235,[8]
7236,[267]
7237,[253]
7238,[44]
7239,[44]
7240,[310]
7241,[310]
7242,[381]
7243,[381]
7244,[300]
7245,[360]
7246,[360]
7247,[17]
7248,[17]
7249,[360]
7250,[272]
7251,[350]
7252,[310]
7253,[310]
7254,[310]
7255,[367]
7256,[372]
7257,[44]
7258,[373]
7259,[267]
7260,[267]
7261,[289]
7262,[360]
7263,[360]
7264,[17]
7265,[360]
7266,[8]
7267,[44]
7268,[392]
7269,[310]
7270,[310]
7271,[44]
7272,[310]
7273,[368]
7274,[368]
7275,[44]
7276,[44]
7277,[44]
7278,[272]
7279,[310]
7280,[367]
7281,[272]
7282,[44]
7283,[381]
7284,[381]
7285,[381]
7286,[381]
7287,[381]
7288,[381]
7289,[381]
7290,[66]
7291,[79]
7292,[447]
7293,[352]
7294,[352]
7295,[380]
7296,[91]
7297,[447]
7298,[380]
7299,[447]
7300,[352]
7301,[79]
7302,[447]
7303,[165]
7304,[66]
7305,[358]
7306,[436]
7307,[282]
7308,[468]
7309,[398]
7310,[326]
7311,[61]
7312,[61]
7313,[61]
7314,[61]
7315,[61]
7316,[61]
7317,[61]
7318,[61]
7319,[61]
7320,[61]
7321,[61]
7322,[61]
7323,[61]
7324,[199]
7325,[412]
7326,[412]
7327,[412]
7328,[182]
7329,[79]
7330,[25]
7331,[189]
7332,[189]
7333,[412]
7334,[91]
7335,[25]
7336,[412]
7337,[182]
7338,[81]
7339,[130]
7340,[166]
7341,[188]
7342,[188]
7343,[463]
7344,[188]
7345,[454]
7346,[454]
7347,[188]
7348,[454]
7349,"[166, 80]"
7350,"[326, 475]"
7351,[282]
7352,[422]
7353,[468]
7354,[326]
7355,[398]
7356,[269]
7357,[32]
7358,[174]
7359,[419]
7360,[32]
7361,[174]
7362,[113]
7363,[174]
7364,[174]
7365,[117]
7366,[58]
7367,[325]
7368,[412]
7369,[412]
7370,[412]
7371,[91]
7372,[206]
7373,[230]
7374,[279]
7375,[279]
7376,[454]
7377,[454]
7378,[454]
7379,[454]
7380,[454]
7381,[454]
7382,[454]
7383,[454]
7384,[454]
7385,[219]
7386,[108]
7387,[384]
7388,[117]
7389,[117]
7390,[117]
7391,[281]
7392,[436]
7393,[412]
7394,[412]
7395,[120]
7396,[353]
7397,[95]
7398,[213]
7399,[151]
7400,[301]
7401,[383]
7402,[226]
7403,[465]
7404,[383]
7405,[370]
7406,[465]
7407,[230]
7408,[422]
7409,[422]
7410,[226]
7411,[468]
7412,[281]
7413,"[436, 273]"
7414,[267]
7415,[381]
7416,[2]
7417,[381]
7418,[384]
7419,[426]
7420,[327]
7421,[426]
7422,[426]
7423,[426]
7424,[426]
7425,[426]
7426,[426]
7427,[284]
7428,[281]
7429,[14]
7430,[312]
7431,[41]
7432,[41]
7433,[378]
7434,[412]
7435,[122]
7436,[71]
7437,[25]
7438,[117]
7439,[117]
7440,[117]
7441,[422]
7442,[273]
7443,"[422, 273]"
7444,[326]
7445,[398]
7446,"[398, 235]"
7447,"[422, 273]"
7448,"[422, 273]"
7449,"[422, 273]"
7450,[117]
7451,[9]
7452,[210]
7453,[120]
7454,[226]
7455,[226]
7456,[226]
7457,[198]
7458,[265]
7459,[105]
7460,[370]
7461,[61]
7462,[61]
7463,[61]
7464,[61]
7465,[61]
7466,[61]
7467,[61]
7468,[61]
7469,[61]
7470,[61]
7471,[61]
7472,[61]
7473,[61]
7474,[61]
7475,[61]
7476,[61]
7477,[61]
7478,[61]
7479,[61]
7480,[61]
7481,[61]
7482,[61]
7483,[61]
7484,[61]
7485,[61]
7486,[61]
7487,[61]
7488,[61]
7489,[61]
7490,[61]
7491,[61]
7492,[61]
7493,[61]
7494,[412]
7495,[182]
7496,[189]
7497,[230]
7498,[41]
7499,[41]
7500,[214]
7501,[214]
7502,[214]
7503,[146]
7504,[146]
7505,[389]
7506,[409]
7507,[409]
7508,[358]
7509,[389]
7510,[374]
7511,[389]
7512,[389]
7513,[284]
7514,[41]
7515,[41]
7516,[214]
7517,[214]
7518,[224]
7519,[224]
7520,[224]
7521,[224]
7522,[455]
7523,[224]
7524,[384]
7525,[426]
7526,[426]
7527,[409]
7528,[409]
7529,[9]
7530,[160]
7531,[384]
7532,[248]
7533,[224]
7534,[224]
7535,[224]
7536,[224]
7537,[224]
7538,[389]
7539,[214]
7540,[384]
7541,[405]
7542,[330]
7543,[82]
7544,[149]
7545,[284]
7546,[409]
7547,[389]
7548,[145]
7549,[41]
7550,[146]
7551,[389]
7552,[149]
7553,[41]
7554,[41]
7555,[389]
7556,[464]
7557,[389]
7558,[384]
7559,[278]
7560,[278]
7561,[426]
7562,[358]
7563,[248]
7564,[248]
7565,[145]
7566,[145]
7567,[145]
7568,[426]
7569,[211]
7570,[328]
7571,[327]
7572,[426]
7573,[158]
7574,[464]
7575,[389]
7576,[214]
7577,[41]
7578,[426]
7579,[146]
7580,[101]
7581,[409]
7582,"[426, 145]"
7583,"[426, 329]"
7584,[426]
7585,[384]
7586,[358]
7587,[284]
7588,[389]
7589,[356]
7590,[389]
7591,[250]
7592,[426]
7593,[426]
7594,[173]
7595,[461]
7596,[461]
7597,[461]
7598,[384]
7599,[384]
7600,[384]
7601,[384]
7602,[384]
7603,[384]
7604,[384]
7605,[384]
7606,"[461, 160]"
7607,[160]
7608,[160]
7609,[160]
7610,[160]
7611,[160]
7612,[160]
7613,[160]
7614,[461]
7615,[160]
7616,[41]
7617,[374]
7618,[461]
7619,[214]
7620,[384]
7621,[330]
7622,[278]
7623,[45]
7624,[384]
7625,[469]
7626,[409]
7627,[36]
7628,[338]
7629,[211]
7630,[58]
7631,[248]
7632,[464]
7633,[262]
7634,[136]
7635,[176]
7636,[329]
7637,[158]
7638,[455]
7639,[469]
7640,[469]
7641,[304]
7642,[145]
7643,[469]
7644,[36]
7645,[36]
7646,[308]
7647,[329]
7648,[461]
7649,[461]
7650,[461]
7651,[461]
7652,[461]
7653,[461]
7654,[158]
7655,[248]
7656,[136]
7657,[41]
7658,[146]
7659,[461]
7660,[454]
7661,[454]
7662,[454]
7663,[454]
7664,[454]
7665,[454]
7666,[454]
7667,[454]
7668,[454]
7669,[454]
7670,[454]
7671,[454]
7672,[454]
7673,[454]
7674,[454]
7675,[454]
7676,[454]
7677,[454]
7678,[454]
7679,[454]
7680,[454]
7681,[454]
7682,[454]
7683,[454]
7684,[454]
7685,[454]
7686,[454]
7687,[454]
7688,[454]
7689,[454]
7690,[454]
7691,[454]
7692,[454]
7693,[454]
7694,[454]
7695,[454]
7696,[437]
7697,[437]
7698,[437]
7699,[437]
7700,[437]
7701,[437]
7702,[437]
7703,[437]
7704,[437]
7705,[437]
7706,[437]
7707,[437]
7708,[437]
7709,[437]
7710,[437]
7711,[437]
7712,[437]
7713,[437]
7714,[437]
7715,[437]
7716,[437]
7717,[437]
7718,[437]
7719,[437]
7720,[437]
7721,[437]
7722,[454]
7723,[454]
7724,[454]
7725,[454]
7726,[454]
7727,[454]
7728,[454]
7729,[454]
7730,[454]
7731,[454]
7732,[360]
7733,[410]
7734,[330]
7735,[121]
7736,[436]
7737,[422]
7738,[99]
7739,[378]
7740,[378]
7741,[378]
7742,[378]
7743,[419]
7744,[67]
7745,[419]
7746,[32]
7747,[32]
7748,[190]
7749,[419]
7750,[159]
7751,[108]
7752,[309]
7753,[256]
7754,[349]
7755,[202]
7756,[366]
7757,[429]
7758,[475]
7759,[475]
7760,[83]
7761,[431]
7762,[24]
7763,[351]
7764,[343]
7765,[343]
7766,[320]
7767,[343]
7768,[273]
7769,[436]
7770,[89]
7771,[351]
7772,[398]
7773,[77]
7774,[71]
7775,[230]
7776,[310]
7777,[234]
7778,[164]
7779,[25]
7780,[159]
7781,[75]
7782,[54]
7783,[188]
7784,[317]
7785,"[166, 80]"
7786,[32]
7787,[32]
7788,[32]
7789,[32]
7790,[32]
7791,[32]
7792,[419]
7793,[32]
7794,[32]
7795,[32]
7796,[32]
7797,[32]
7798,[32]
7799,[32]
7800,[32]
7801,[32]
7802,[419]
7803,[32]
7804,[174]
7805,[32]
7806,[32]
7807,[32]
7808,[419]
7809,[253]
7810,[368]
7811,[8]
7812,[99]
7813,"[138, 164]"
7814,[98]
7815,[83]
7816,[269]
7817,[422]
7818,[118]
7819,[5]
7820,[182]
7821,[472]
7822,[190]
7823,[419]
7824,[170]
7825,[113]
7826,[251]
7827,[54]
7828,[454]
7829,[122]
7830,[422]
7831,[422]
7832,[57]
7833,[32]
7834,[32]
7835,[32]
7836,[32]
7837,[32]
7838,[55]
7839,[32]
7840,[32]
7841,[32]
7842,[32]
7843,[319]
7844,[447]
7845,[447]
7846,[447]
7847,[447]
7848,[91]
7849,[395]
7850,[412]
7851,[2]
7852,[421]
7853,[214]
7854,[330]
7855,[358]
7856,[158]
7857,[158]
7858,"[426, 358]"
7859,"[426, 358]"
7860,"[426, 358]"
7861,"[426, 358]"
7862,"[426, 358]"
7863,[426]
7864,[426]
7865,[426]
7866,[426]
7867,"[426, 358]"
7868,[284]
7869,[159]
7870,[422]
7871,[436]
7872,"[436, 273]"
7873,[15]
7874,[343]
7875,[349]
7876,[422]
7877,[466]
7878,[422]
7879,[8]
7880,[214]
7881,[219]
7882,[398]
7883,[74]
7884,[273]
7885,[16]
7886,[300]
7887,[105]
7888,[370]
7889,[105]
7890,[226]
7891,[265]
7892,[120]
7893,[105]
7894,[265]
7895,[28]
7896,[226]
7897,[154]
7898,[321]
7899,[370]
7900,[465]
7901,[301]
7902,[343]
7903,[422]
7904,[475]
7905,[193]
7906,[422]
7907,[26]
7908,[105]
7909,[315]
7910,[120]
7911,[72]
7912,[439]
7913,[402]
7914,[154]
7915,[467]
7916,[370]
7917,[370]
7918,[321]
7919,[125]
7920,[210]
7921,[151]
7922,[105]
7923,[226]
7924,[110]
7925,[195]
7926,[422]
7927,[349]
7928,"[159, 273]"
7929,[141]
7930,[381]
7931,[79]
7932,[91]
7933,[447]
7934,[326]
7935,[398]
7936,[343]
7937,[398]
7938,[422]
7939,"[326, 281]"
7940,[475]
7941,[3]
7942,[454]
7943,[454]
7944,[454]
7945,[454]
7946,[454]
7947,[454]
7948,[454]
7949,[454]
7950,[454]
7951,[454]
7952,[32]
7953,[204]
7954,[79]
7955,[447]
7956,[395]
7957,[395]
7958,[447]
7959,[343]
7960,"[267, 289]"
7961,[193]
7962,[273]
7963,[273]
7964,[339]
7965,[273]
7966,[412]
7967,[422]
7968,"[320, 141]"
7969,[269]
7970,[475]
7971,[75]
7972,[32]
7973,[174]
7974,[122]
7975,[14]
7976,[74]
7977,[273]
7978,"[475, 281]"
7979,[159]
7980,[206]
7981,[320]
7982,[32]
7983,[32]
7984,"[321, 210]"
7985,[258]
7986,[422]
7987,[436]
7988,[282]
7989,[170]
7990,[32]
7991,"[475, 326]"
7992,[436]
7993,[326]
7994,[398]
7995,[422]
7996,[214]
7997,[422]
7998,[273]
7999,[141]
8000,[422]
8001,[447]
8002,[79]
8003,[447]
8004,[475]
8005,[436]
8006,[141]
8007,[279]
8008,[279]
8009,[279]
8010,[279]
8011,[279]
8012,[279]
8013,[279]
8014,[279]
8015,[419]
8016,[412]
8017,[464]
8018,[289]
8019,[475]
8020,[468]
8021,[422]
8022,[398]
8023,[159]
8024,[422]
8025,[454]
8026,[254]
8027,[454]
8028,[75]
8029,[165]
8030,[48]
8031,[120]
8032,[125]
8033,[105]
8034,[174]
8035,[446]
8036,[419]
8037,[419]
8038,[32]
8039,[273]
8040,[398]
8041,[229]
8042,[181]
8043,[475]
8044,[436]
8045,[320]
8046,[89]
8047,[447]
8048,[447]
8049,[105]
8050,[26]
8051,[105]
8052,[195]
8053,[301]
8054,[273]
8055,[468]
8056,"[436, 475]"
8057,[71]
8058,[174]
8059,[454]
8060,[271]
8061,[171]
8062,[343]
8063,[398]
8064,[265]
8065,[370]
8066,[110]
8067,[120]
8068,[331]
8069,[465]
8070,[123]
8071,[125]
8072,[226]
8073,[313]
8074,[282]
8075,[398]
8076,"[436, 281]"
8077,[398]
8078,[422]
8079,[475]
8080,[398]
8081,[92]
8082,[471]
8083,[378]
8084,[167]
8085,[167]
8086,[436]
8087,[312]
8088,[475]
8089,[422]
8090,[422]
8091,[447]
8092,[79]
8093,[71]
8094,[110]
8095,[110]
8096,[213]
8097,[105]
8098,[157]
8099,[226]
8100,[370]
8101,[28]
8102,[321]
8103,[273]
8104,[187]
8105,[273]
8106,[48]
8107,[120]
8108,[28]
8109,[370]
8110,[226]
8111,[210]
8112,[419]
8113,"[475, 326]"
8114,[475]
8115,[475]
8116,[138]
8117,[138]
8118,"[436, 273]"
8119,[229]
8120,[71]
8121,[226]
8122,[105]
8123,[226]
8124,[226]
8125,[105]
8126,[151]
8127,[269]
8128,[269]
8129,[125]
8130,[213]
8131,[154]
8132,[166]
8133,[170]
8134,[79]
8135,[447]
8136,[414]
8137,[273]
8138,[331]
8139,[79]
8140,[475]
8141,[326]
8142,[398]
8143,[447]
8144,[475]
8145,[312]
8146,[398]
8147,[436]
8148,[436]
8149,[110]
8150,[210]
8151,[28]
8152,[265]
8153,[306]
8154,[120]
8155,[110]
8156,[95]
8157,[437]
8158,[437]
8159,[437]
8160,[436]
8161,[398]
8162,[210]
8163,[226]
8164,[331]
8165,[422]
8166,[398]
8167,[475]
8168,[312]
8169,[196]
8170,[397]
8171,[299]
8172,[397]
8173,[90]
8174,[399]
8175,[264]
8176,[445]
8177,[86]
8178,[445]
8179,[171]
8180,[186]
8181,[445]
8182,[299]
8183,[397]
8184,[445]
8185,[86]
8186,[445]
8187,[445]
8188,[90]
8189,[186]
8190,[399]
8191,[397]
8192,[397]
8193,[90]
8194,[186]
8195,[86]
8196,[393]
8197,[399]
8198,[90]
8199,[397]
8200,[397]
8201,[86]
8202,[364]
8203,[445]
8204,[264]
8205,[397]
8206,[399]
8207,[364]
8208,[399]
8209,[90]
8210,[445]
8211,[364]
8212,[364]
8213,[221]
8214,[264]
8215,[116]
8216,[422]
8217,[351]
8218,[475]
8219,[110]
8220,[226]
8221,[465]
8222,[28]
8223,[465]
8224,[105]
8225,[226]
8226,[422]
8227,[436]
8228,[447]
8229,[105]
8230,[370]
8231,[321]
8232,[167]
8233,[239]
8234,[239]
8235,[167]
8236,[362]
8237,[167]
8238,[436]
8239,[376]
8240,[123]
8241,"[422, 181]"
8242,[26]
8243,[436]
8244,[279]
8245,[279]
8246,[265]
8247,[157]
8248,[447]
8249,[447]
8250,[226]
8251,[120]
8252,[321]
8253,[475]
8254,[465]
8255,[436]
8256,"[475, 273]"
8257,[41]
8258,[53]
8259,[378]
8260,[368]
8261,"[269, 320]"
8262,[282]
8263,[475]
8264,[360]
8265,[249]
8266,[264]
8267,[397]
8268,[397]
8269,[397]
8270,[171]
8271,[445]
8272,[299]
8273,[364]
8274,[445]
8275,[364]
8276,[397]
8277,[86]
8278,[399]
8279,[186]
8280,[299]
8281,[397]
8282,[86]
8283,[397]
8284,[445]
8285,[397]
8286,[186]
8287,[445]
8288,[264]
8289,[186]
8290,[399]
8291,[399]
8292,[445]
8293,[90]
8294,[422]
8295,[475]
8296,[120]
8297,[370]
8298,[349]
8299,[165]
8300,[265]
8301,[151]
8302,[360]
8303,[436]
8304,[475]
8305,[436]
8306,[465]
8307,[422]
8308,[226]
8309,[151]
8310,[226]
8311,[447]
8312,[105]
8313,[90]
8314,[445]
8315,[399]
8316,[264]
8317,[403]
8318,[445]
8319,[397]
8320,[364]
8321,[364]
8322,[116]
8323,[299]
8324,[445]
8325,[264]
8326,[90]
8327,[186]
8328,[397]
8329,[397]
8330,[445]
8331,[186]
8332,[445]
8333,[86]
8334,[445]
8335,[90]
8336,[86]
8337,[90]
8338,[364]
8339,[399]
8340,[399]
8341,[120]
8342,[282]
8343,[436]
8344,"[281, 475]"
8345,[436]
8346,[28]
8347,[91]
8348,[412]
8349,[412]
8350,[209]
8351,[346]
8352,[180]
8353,[180]
8354,[346]
8355,[412]
8356,[71]
8357,[412]
8358,[118]
8359,[182]
8360,[122]
8361,[230]
8362,[380]
8363,[412]
8364,[346]
8365,[412]
8366,[412]
8367,[412]
8368,[412]
8369,[422]
8370,[475]
8371,[436]
8372,[436]
8373,[475]
8374,[436]
8375,[26]
8376,[331]
8377,[203]
8378,[436]
8379,[456]
8380,"[436, 475]"
8381,[226]
8382,[193]
8383,[475]
8384,[422]
8385,[436]
8386,[447]
8387,[116]
8388,[90]
8389,[399]
8390,[90]
8391,[90]
8392,[86]
8393,[393]
8394,[90]
8395,[90]
8396,[397]
8397,[399]
8398,[171]
